Workbook

Sheet 編集用｜昭和ろまん
A1: アセスメントシート | N1: {=IFERROR( INDEX(データ集約!A:ZZ, MATCH(D6, データ集約!C:C, 0), MATCH("事業所の選択", データ集約!1:1, 0)), "" )} | AA1: 作成年月日： | AF1: {=IFERROR( INDEX(データ集約!A:ZZ, MATCH(D6, データ集約!C:C, 0), MATCH("作成日", データ集約!1:1, 0)), "" )}
X2: 入居予定日： | AD2: {=IFERROR( INDEX(データ集約!A:ZZ, MATCH(D6, データ集約!C:C, 0), MATCH("入居予定日", データ集約!1:1, 0)), "" )}
A4: アセスメントの理由 | G4: {=IFERROR( INDEX(データ集約!A:ZZ, MATCH(D6, データ集約!C:C, 0), MATCH("アセスメントの理由", データ集約!1:1, 0)), "" )} | R4: 面談場所 | U4: {=IFERROR( INDEX(データ集約!A:ZZ, MATCH(D6, データ集約!C:C, 0), MATCH("面談場所", データ集約!1:1, 0)), "" )} | AD4: 作成者 | AG4: {=IFERROR( INDEX(データ集約!A:ZZ, MATCH(D6, データ集約!C:C, 0), MATCH("作成者", データ集約!1:1, 0)), "" )}
A5: 基本事項 | B5: ふりがな | D5: {=IFERROR( INDEX(利用者一覧!A:I, MATCH(D6, 利用者一覧!C:C, 0), MATCH("氏名（ふりがな）", 利用者一覧!1:1, 0)), "" )} | R5: 性別 | X5: 生年月日 | AD5: 年齢
B6: 氏名 | D6: 「利用者」を選択してください。 | P6: 様 | R6: {=IFERROR( INDEX(利用者一覧!A:I, MATCH(D6, 利用者一覧!C:C, 0), MATCH("性別", 利用者一覧!1:1, 0)), "" )} | X6: {=IFERROR( INDEX(利用者一覧!A:I, MATCH(D6, 利用者一覧!C:C, 0), MATCH("生年月日", 利用者一覧!1:1, 0)), "" )} | AD6: =IFERROR( DATEDIF( DATE( IF(LEFT(X6, 2) = "令和", 2018 + MID(X6, 3, FIND("年", X6) - 3), IF(LEFT(X6, 2) = "平成", 1988 + MID(X6, 3, FIND("年", X6) - 3), IF(LEFT(X6, 2) = "昭和", 1925 + MID(X6, 3, FIND("年", X6) - 3), IF(LEFT(X6, 2) = "大正", 1911 + MID(X6, 3, FIND("年", X6) - 3), IF(LEFT(X6, 2) = "明治", 1867 + MID(X6, 3, FIND("年", X6) - 3), 0))))), MID(X6, FIND("年", X6) + 1, FIND("月", X6) - FIND("年", X6) - 1), MID(X6, FIND("月", X6) + 1, FIND("日", X6) - FIND("月", X6) - 1) ), TODAY(), "Y" ), "" ) | AJ6: 歳
B8: 住所 | D8: {=IFERROR( INDEX(利用者一覧!A:I, MATCH(D6, 利用者一覧!C:C, 0), MATCH("住所", 利用者一覧!1:1, 0)), "" )} | AA8: 連絡先 | AD8: {=IFERROR( INDEX(利用者一覧!A:I, MATCH(D6, 利用者一覧!C:C, 0), MATCH("連絡先", 利用者一覧!1:1, 0)), "" )}
A10: 保険情報 | B10: 介護保険 | E10: 被保険者番号 | J10: 要介護度 | Q10: 認定日 | V10: 認定期間 | AI10: 負担割合
E11: {=IFERROR( INDEX(利用者一覧!A:I, MATCH(D6, 利用者一覧!C:C, 0), MATCH("利用者ID（被保険者番号）", 利用者一覧!1:1, 0)), "" )} | J11: {=IFERROR( INDEX(データ集約!A:ZZ, MATCH(D6, データ集約!C:C, 0), MATCH("要介護度", データ集約!1:1, 0)), "" )} | Q11: {=IFERROR( INDEX(データ集約!A:ZZ, MATCH(D6, データ集約!C:C, 0), MATCH("認定日", データ集約!1:1, 0)), "" )} | V11: {=IFERROR( INDEX(データ集約!A:ZZ, MATCH(D6, データ集約!C:C, 0), MATCH("認定期間｜開始", データ集約!1:1, 0)), "" )} | AB11: ～ | AC11: {=IFERROR( INDEX(データ集約!A:ZZ, MATCH(D6, データ集約!C:C, 0), MATCH("認定期間｜終了", データ集約!1:1, 0)), "" )} | AI11: {=IFERROR( INDEX(データ集約!A:ZZ, MATCH(D6, データ集約!C:C, 0), MATCH("負担割合", データ集約!1:1, 0)), "" )}
B13: 医療保険 | M13: 身体障害者手帳 | R13: 難病申請 | V13: 生活保護 | Z13: 障害者日常生活自立度 | AF13: 認知症日常生活自立度
B14: {=IFERROR( INDEX(データ集約!A:ZZ, MATCH(D6, データ集約!C:C, 0), MATCH("医療保険", データ集約!1:1, 0)), "" )} | M14: {=IFERROR( INDEX(データ集約!A:ZZ, MATCH(D6, データ集約!C:C, 0), MATCH("身体障がい者手帳の有無", データ集約!1:1, 0)), "" )} | O14: {=IFERROR( INDEX(データ集約!A:ZZ, MATCH(D6, データ集約!C:C, 0), MATCH("種類", データ集約!1:1, 0)), "" )} | R14: {=IFERROR( INDEX(データ集約!A:ZZ, MATCH(D6, データ集約!C:C, 0), MATCH("難病申請", データ集約!1:1, 0)), "" )} | V14: {=IFERROR( INDEX(データ集約!A:ZZ, MATCH(D6, データ集約!C:C, 0), MATCH("生活保護", データ集約!1:1, 0)), "" )} | Z14: {=IFERROR( INDEX(データ集約!A:ZZ, MATCH(D6, データ集約!C:C, 0), MATCH("障がい者日常生活自立度", データ集約!1:1, 0)), "" )} | AF14: {=IFERROR( INDEX(データ集約!A:ZZ, MATCH(D6, データ集約!C:C, 0), MATCH("認知症日常生活自立度", データ集約!1:1, 0)), "" )}
A16: 家族状況 | B16: 家族氏名 | K16: 続柄 | O16: 同居有無 | R16: 介護 | V16: 就労 | Z16: 連絡先 | AF16: 備考（KP等）
B17: ① | D17: {=IFERROR( INDEX(データ集約!A:ZZ, MATCH(D6, データ集約!C:C, 0), MATCH("家族氏名-1", データ集約!1:1, 0)), "" )} | J17: 様 | K17: {=IFERROR( INDEX(データ集約!A:ZZ, MATCH(D6, データ集約!C:C, 0), MATCH("続柄-1", データ集約!1:1, 0)), "" )} | O17: {=IFERROR( INDEX(データ集約!A:ZZ, MATCH(D6, データ集約!C:C, 0), MATCH("同居有無-1", データ集約!1:1, 0)), "" )} | R17: {=IFERROR( INDEX(データ集約!A:ZZ, MATCH(D6, データ集約!C:C, 0), MATCH("介護-1", データ集約!1:1, 0)), "" )} | V17: {=IFERROR( INDEX(データ集約!A:ZZ, MATCH(D6, データ集約!C:C, 0), MATCH("就労-1", データ集約!1:1, 0)), "" )} | Z17: {=IFERROR( INDEX(データ集約!A:ZZ, MATCH(D6, データ集約!C:C, 0), MATCH("連絡先-1", データ集約!1:1, 0)), "" )} | AF17: {=IFERROR( INDEX(データ集約!A:ZZ, MATCH(D6, データ集約!C:C, 0), MATCH("備考-1", データ集約!1:1, 0)), "" )}
B19: ② | D19: {=IFERROR( INDEX(データ集約!A:ZZ, MATCH(D6, データ集約!C:C, 0), MATCH("家族氏名-2", データ集約!1:1, 0)), "" )} | J19: 様 | K19: {=IFERROR( INDEX(データ集約!A:ZZ, MATCH(D6, データ集約!C:C, 0), MATCH("続柄-2", データ集約!1:1, 0)), "" )} | O19: {=IFERROR( INDEX(データ集約!A:ZZ, MATCH(D6, データ集約!C:C, 0), MATCH("同居有無-2", データ集約!1:1, 0)), "" )} | R19: {=IFERROR( INDEX(データ集約!A:ZZ, MATCH(D6, データ集約!C:C, 0), MATCH("介護-2", データ集約!1:1, 0)), "" )} | V19: {=IFERROR( INDEX(データ集約!A:ZZ, MATCH(D6, データ集約!C:C, 0), MATCH("就労-2", データ集約!1:1, 0)), "" )} | Z19: {=IFERROR( INDEX(データ集約!A:ZZ, MATCH(D6, データ集約!C:C, 0), MATCH("連絡先-2", データ集約!1:1, 0)), "" )} | AF19: {=IFERROR( INDEX(データ集約!A:ZZ, MATCH(D6, データ集約!C:C, 0), MATCH("備考-2", データ集約!1:1, 0)), "" )}
A21: 健康状態 | B21: 疾患名 | N21: 発症日 | S21: 診療機関 | Z21: 既往
B22: {=IFERROR( INDEX(データ集約!A:ZZ, MATCH(D6, データ集約!C:C, 0), MATCH("疾患名-1", データ集約!1:1, 0)), "" )} | N22: {=IFERROR( INDEX(データ集約!A:ZZ, MATCH(D6, データ集約!C:C, 0), MATCH("発症日-1", データ集約!1:1, 0)), "" )} | S22: {=IFERROR( INDEX(データ集約!A:ZZ, MATCH(D6, データ集約!C:C, 0), MATCH("診療機関-1", データ集約!1:1, 0)), "" )} | Z22: {=IFERROR( INDEX(データ集約!A:ZZ, MATCH(D6, データ集約!C:C, 0), MATCH("既往歴", データ集約!1:1, 0)), "" )}
B24: {=IFERROR( INDEX(データ集約!A:ZZ, MATCH(D6, データ集約!C:C, 0), MATCH("疾患名-2", データ集約!1:1, 0)), "" )} | N24: {=IFERROR( INDEX(データ集約!A:ZZ, MATCH(D6, データ集約!C:C, 0), MATCH("発症日-2", データ集約!1:1, 0)), "" )} | S24: {=IFERROR( INDEX(データ集約!A:ZZ, MATCH(D6, データ集約!C:C, 0), MATCH("診療機関-2", データ集約!1:1, 0)), "" )}
B26: {=IFERROR( INDEX(データ集約!A:ZZ, MATCH(D6, データ集約!C:C, 0), MATCH("疾患名-3", データ集約!1:1, 0)), "" )} | N26: {=IFERROR( INDEX(データ集約!A:ZZ, MATCH(D6, データ集約!C:C, 0), MATCH("発症日-3", データ集約!1:1, 0)), "" )} | S26: {=IFERROR( INDEX(データ集約!A:ZZ, MATCH(D6, データ集約!C:C, 0), MATCH("診療機関-3", データ集約!1:1, 0)), "" )} | Z26: 通院
Z27: {=IFERROR( INDEX(データ集約!A:ZZ, MATCH(D6, データ集約!C:C, 0), MATCH("通院", データ集約!1:1, 0)), "" )}
B28: {=IFERROR( INDEX(データ集約!A:ZZ, MATCH(D6, データ集約!C:C, 0), MATCH("疾患名-4", データ集約!1:1, 0)), "" )} | N28: {=IFERROR( INDEX(データ集約!A:ZZ, MATCH(D6, データ集約!C:C, 0), MATCH("発症日-4", データ集約!1:1, 0)), "" )} | S28: {=IFERROR( INDEX(データ集約!A:ZZ, MATCH(D6, データ集約!C:C, 0), MATCH("診療機関-4", データ集約!1:1, 0)), "" )}
B30: {=IFERROR( INDEX(データ集約!A:ZZ, MATCH(D6, データ集約!C:C, 0), MATCH("疾患名-5", データ集約!1:1, 0)), "" )} | N30: {=IFERROR( INDEX(データ集約!A:ZZ, MATCH(D6, データ集約!C:C, 0), MATCH("発症日-5", データ集約!1:1, 0)), "" )} | S30: {=IFERROR( INDEX(データ集約!A:ZZ, MATCH(D6, データ集約!C:C, 0), MATCH("診療機関-5", データ集約!1:1, 0)), "" )} | Z30: 服薬
Z31: 眠剤 | AB31: {=IFERROR( INDEX(データ集約!A:ZZ, MATCH(D6, データ集約!C:C, 0), MATCH("服薬｜眠剤の有無", データ集約!1:1, 0)), "" )} | AF31: 下剤 | AH31: {=IFERROR( INDEX(データ集約!A:ZZ, MATCH(D6, データ集約!C:C, 0), MATCH("服薬｜下剤の有無", データ集約!1:1, 0)), "" )}
B32: {=IFERROR( INDEX(データ集約!A:ZZ, MATCH(D6, データ集約!C:C, 0), MATCH("疾患名-6", データ集約!1:1, 0)), "" )} | N32: {=IFERROR( INDEX(データ集約!A:ZZ, MATCH(D6, データ集約!C:C, 0), MATCH("発症日-6", データ集約!1:1, 0)), "" )} | S32: {=IFERROR( INDEX(データ集約!A:ZZ, MATCH(D6, データ集約!C:C, 0), MATCH("診療機関-6", データ集約!1:1, 0)), "" )} | Z32: {=IFERROR( INDEX(データ集約!A:ZZ, MATCH(D6, データ集約!C:C, 0), MATCH("服薬", データ集約!1:1, 0)), "" )}
B34: コロナワクチン接種状況 | N34: {=IFERROR( INDEX(データ集約!A:ZZ, MATCH(D6, データ集約!C:C, 0), MATCH("コロナワクチン接種状況", データ集約!1:1, 0)), "" )} | S34: {=IFERROR( INDEX(データ集約!A:ZZ, MATCH(D6, データ集約!C:C, 0), MATCH("接種回数", データ集約!1:1, 0)), "" )} | X34: =IF(N34="接種済み", "回", "")
A36: 利用サ｜ビス | B36: 介護サービス | F36: {=IFERROR( INDEX(データ集約!A:ZZ, MATCH(D6, データ集約!C:C, 0), MATCH("介護サービス", データ集約!1:1, 0)), "" )} | S36: 福祉用具 | V36: {=IFERROR( INDEX(データ集約!A:ZZ, MATCH(D6, データ集約!C:C, 0), MATCH("福祉用具", データ集約!1:1, 0)), "" )}
S38: その他 | V38: {=IFERROR( INDEX(データ集約!A:ZZ, MATCH(D6, データ集約!C:C, 0), MATCH("その他", データ集約!1:1, 0)), "" )}
B39: インフォーマル サービス | F39: {=IFERROR( INDEX(データ集約!A:ZZ, MATCH(D6, データ集約!C:C, 0), MATCH("インフォーマルサービス", データ集約!1:1, 0)), "" )} | S39: 社会との 関わり | V39: {=IFERROR( INDEX(データ集約!A:ZZ, MATCH(D6, データ集約!C:C, 0), MATCH("社会との関り", データ集約!1:1, 0)), "" )}
A41: 本人の希望 | S41: 家族の希望
A42: {=IFERROR( INDEX(データ集約!A:ZZ, MATCH(D6, データ集約!C:C, 0), MATCH("本人の希望", データ集約!1:1, 0)), "" )} | S42: {=IFERROR( INDEX(データ集約!A:ZZ, MATCH(D6, データ集約!C:C, 0), MATCH("家族の希望", データ集約!1:1, 0)), "" )}
A44: 生活歴 | Z44: 趣味
A45: {=IFERROR( INDEX(データ集約!A:ZZ, MATCH(D6, データ集約!C:C, 0), MATCH("生活歴", データ集約!1:1, 0)), "" )} | Z45: {=IFERROR( INDEX(データ集約!A:ZZ, MATCH(D6, データ集約!C:C, 0), MATCH("趣味", データ集約!1:1, 0)), "" )}
A51: 特記・備考
A52: {=IFERROR( INDEX(データ集約!A:ZZ, MATCH(D6, データ集約!C:C, 0), MATCH("その他、特記事項", データ集約!1:1, 0)), "" )}
A57: ◆ 現在の状況 ◆ | AB57: ◆ 課題分析 ◆
A59: 身体状況 | B59: 皮膚疾患 | I59: {=IFERROR( INDEX(データ集約!A:ZZ, MATCH(D6, データ集約!C:C, 0), MATCH("皮膚疾患", データ集約!1:1, 0)), "" )} | P59: {=IFERROR( INDEX(データ集約!A:ZZ, MATCH(D6, データ集約!C:C, 0), MATCH("身体状況｜特記事項", データ集約!1:1, 0)), "" )}
B60: 感染症 | I60: {=IFERROR( INDEX(データ集約!A:ZZ, MATCH(D6, データ集約!C:C, 0), MATCH("感染症", データ集約!1:1, 0)), "" )}
B61: 特別な医療処置 | I61: {=IFERROR( INDEX(データ集約!A:ZZ, MATCH(D6, データ集約!C:C, 0), MATCH("特別な医療処置", データ集約!1:1, 0)), "" )}
B62: 麻痺 | I62: {=IFERROR( INDEX(データ集約!A:ZZ, MATCH(D6, データ集約!C:C, 0), MATCH("麻痺", データ集約!1:1, 0)), "" )}
B63: 痛み | I63: {=IFERROR( INDEX(データ集約!A:ZZ, MATCH(D6, データ集約!C:C, 0), MATCH("痛み", データ集約!1:1, 0)), "" )}
B64: 身長 | I64: {=IFERROR( INDEX(データ集約!A:ZZ, MATCH(D6, データ集約!C:C, 0), MATCH("身長", データ集約!1:1, 0)), "" )} | N64: cm
B65: 体重 | I65: {=IFERROR( INDEX(データ集約!A:ZZ, MATCH(D6, データ集約!C:C, 0), MATCH("体重", データ集約!1:1, 0)), "" )} | N65: ｋｇ
B66: 視力 | C66: 視力 | I66: {=IFERROR( INDEX(データ集約!A:ZZ, MATCH(D6, データ集約!C:C, 0), MATCH("視力", データ集約!1:1, 0)), "" )}
C67: 眼鏡等 | I67: {=IFERROR( INDEX(データ集約!A:ZZ, MATCH(D6, データ集約!C:C, 0), MATCH("眼鏡等", データ集約!1:1, 0)), "" )}
B68: 聴力 | C68: 聴力 | I68: {=IFERROR( INDEX(データ集約!A:ZZ, MATCH(D6, データ集約!C:C, 0), MATCH("聴力", データ集約!1:1, 0)), "" )}
C69: 補聴器等 | I69: {=IFERROR( INDEX(データ集約!A:ZZ, MATCH(D6, データ集約!C:C, 0), MATCH("補聴器等", データ集約!1:1, 0)), "" )}
A70: 基 本 動 作 | B70: 寝返り | I70: {=IFERROR( INDEX(データ集約!A:ZZ, MATCH(D6, データ集約!C:C, 0), MATCH("寝返り", データ集約!1:1, 0)), "" )} | P70: {=IFERROR( INDEX(データ集約!A:ZZ, MATCH(D6, データ集約!C:C, 0), MATCH("基本動作｜特記事項", データ集約!1:1, 0)), "" )}
B71: 起き上がり | I71: {=IFERROR( INDEX(データ集約!A:ZZ, MATCH(D6, データ集約!C:C, 0), MATCH("起き上がり", データ集約!1:1, 0)), "" )}
B72: 座位 | I72: {=IFERROR( INDEX(データ集約!A:ZZ, MATCH(D6, データ集約!C:C, 0), MATCH("座位", データ集約!1:1, 0)), "" )}
B73: 立ち上がり | I73: {=IFERROR( INDEX(データ集約!A:ZZ, MATCH(D6, データ集約!C:C, 0), MATCH("立ち上がり", データ集約!1:1, 0)), "" )}
B74: 立位 | I74: {=IFERROR( INDEX(データ集約!A:ZZ, MATCH(D6, データ集約!C:C, 0), MATCH("立位", データ集約!1:1, 0)), "" )}
B75: 移乗 | I75: {=IFERROR( INDEX(データ集約!A:ZZ, MATCH(D6, データ集約!C:C, 0), MATCH("移乗", データ集約!1:1, 0)), "" )}
B76: 屋内移動 | I76: {=IFERROR( INDEX(データ集約!A:ZZ, MATCH(D6, データ集約!C:C, 0), MATCH("屋内移動", データ集約!1:1, 0)), "" )}
B77: 使用用具（屋内） | I77: {=IFERROR( INDEX(データ集約!A:ZZ, MATCH(D6, データ集約!C:C, 0), MATCH("屋内移動｜使用用具", データ集約!1:1, 0)), "" )}
B78: 屋外移動 | I78: {=IFERROR( INDEX(データ集約!A:ZZ, MATCH(D6, データ集約!C:C, 0), MATCH("屋外移動", データ集約!1:1, 0)), "" )}
B79: 使用用具（屋外） | I79: {=IFERROR( INDEX(データ集約!A:ZZ, MATCH(D6, データ集約!C:C, 0), MATCH("屋外移動｜使用用具", データ集約!1:1, 0)), "" )}
A80: A D L | B80: 食事 | C80: 食事方法 | I80: {=IFERROR( INDEX(データ集約!A:ZZ, MATCH(D6, データ集約!C:C, 0), MATCH("食事方法", データ集約!1:1, 0)), "" )} | P80: {=IFERROR( INDEX(データ集約!A:ZZ, MATCH(D6, データ集約!C:C, 0), MATCH("食事｜特記事項", データ集約!1:1, 0)), "" )}
C81: 食事動作 | I81: {=IFERROR( INDEX(データ集約!A:ZZ, MATCH(D6, データ集約!C:C, 0), MATCH("食事動作", データ集約!1:1, 0)), "" )}
C82: 嚥下 | I82: {=IFERROR( INDEX(データ集約!A:ZZ, MATCH(D6, データ集約!C:C, 0), MATCH("嚥下", データ集約!1:1, 0)), "" )}
C83: 形態 | E83: 主食 | I83: {=IFERROR( INDEX(データ集約!A:ZZ, MATCH(D6, データ集約!C:C, 0), MATCH("食事形態｜主食", データ集約!1:1, 0)), "" )}
E84: 副食 | I84: {=IFERROR( INDEX(データ集約!A:ZZ, MATCH(D6, データ集約!C:C, 0), MATCH("食事形態｜副食", データ集約!1:1, 0)), "" )}
E85: 水分とろみ | I85: {=IFERROR( INDEX(データ集約!A:ZZ, MATCH(D6, データ集約!C:C, 0), MATCH("水分とろみ", データ集約!1:1, 0)), "" )}
C86: 食事制限 | I86: {=IFERROR( INDEX(データ集約!A:ZZ, MATCH(D6, データ集約!C:C, 0), MATCH("食事制限", データ集約!1:1, 0)), "" )}
C87: 道具・用具 | I87: {=IFERROR( INDEX(データ集約!A:ZZ, MATCH(D6, データ集約!C:C, 0), MATCH("道具・用具", データ集約!1:1, 0)), "" )}
B88: 口腔 | C88: 口腔衛生 | I88: {=IFERROR( INDEX(データ集約!A:ZZ, MATCH(D6, データ集約!C:C, 0), MATCH("口腔衛生", データ集約!1:1, 0)), "" )} | P88: {=IFERROR( INDEX(データ集約!A:ZZ, MATCH(D6, データ集約!C:C, 0), MATCH("口腔｜特記事項", データ集約!1:1, 0)), "" )}
C89: 自歯の有無 | I89: {=IFERROR( INDEX(データ集約!A:ZZ, MATCH(D6, データ集約!C:C, 0), MATCH("自歯の有無", データ集約!1:1, 0)), "" )}
C90: 義歯 | E90: 有無・種類 | I90: {=IFERROR( INDEX(データ集約!A:ZZ, MATCH(D6, データ集約!C:C, 0), MATCH("義歯の有無", データ集約!1:1, 0)), "" )} | L90: {=IFERROR( INDEX(データ集約!A:ZZ, MATCH(D6, データ集約!C:C, 0), MATCH("義歯の種類", データ集約!1:1, 0)), "" )}
E91: 場所 | I91: {=IFERROR( INDEX(データ集約!A:ZZ, MATCH(D6, データ集約!C:C, 0), MATCH("義歯の場所", データ集約!1:1, 0)), "" )}
B92: 入浴 | C92: 入浴動作 | I92: {=IFERROR( INDEX(データ集約!A:ZZ, MATCH(D6, データ集約!C:C, 0), MATCH("入浴動作", データ集約!1:1, 0)), "" )} | P92: {=IFERROR( INDEX(データ集約!A:ZZ, MATCH(D6, データ集約!C:C, 0), MATCH("入浴・更衣｜特記事項", データ集約!1:1, 0)), "" )}
C93: 形態 | I93: {=IFERROR( INDEX(データ集約!A:ZZ, MATCH(D6, データ集約!C:C, 0), MATCH("形態", データ集約!1:1, 0)), "" )}
C94: 入浴の制限 | I94: {=IFERROR( INDEX(データ集約!A:ZZ, MATCH(D6, データ集約!C:C, 0), MATCH("入浴の制限", データ集約!1:1, 0)), "" )}
B95: 更衣 | C95: 上衣 | I95: {=IFERROR( INDEX(データ集約!A:ZZ, MATCH(D6, データ集約!C:C, 0), MATCH("上衣", データ集約!1:1, 0)), "" )}
C96: 下衣 | I96: {=IFERROR( INDEX(データ集約!A:ZZ, MATCH(D6, データ集約!C:C, 0), MATCH("下衣", データ集約!1:1, 0)), "" )}
B97: 排泄 | C97: 排泄動作 | I97: {=IFERROR( INDEX(データ集約!A:ZZ, MATCH(D6, データ集約!C:C, 0), MATCH("排泄動作", データ集約!1:1, 0)), "" )} | P97: {=IFERROR( INDEX(データ集約!A:GI, MATCH(D6, データ集約!C:C, 0), MATCH("排泄｜特記事項", データ集約!1:1, 0)), "" )}
C98: 排尿 | E98: 尿意 | I98: {=IFERROR( INDEX(データ集約!A:ZZ, MATCH(D6, データ集約!C:C, 0), MATCH("尿意", データ集約!1:1, 0)), "" )}
E99: 失禁 | I99: {=IFERROR( INDEX(データ集約!A:ZZ, MATCH(D6, データ集約!C:C, 0), MATCH("尿失禁", データ集約!1:1, 0)), "" )}
C100: 排便 | E100: 便意 | I100: {=IFERROR( INDEX(データ集約!A:ZZ, MATCH(D6, データ集約!C:C, 0), MATCH("便意", データ集約!1:1, 0)), "" )}
E101: 失禁 | I101: {=IFERROR( INDEX(データ集約!A:ZZ, MATCH(D6, データ集約!C:C, 0), MATCH("便失禁", データ集約!1:1, 0)), "" )}
C102: 場所 | E102: 日中 | I102: {=IFERROR( INDEX(データ集約!A:ZZ, MATCH(D6, データ集約!C:C, 0), MATCH("場所｜日中", データ集約!1:1, 0)), "" )}
E103: 夜間 | I103: {=IFERROR( INDEX(データ集約!A:ZZ, MATCH(D6, データ集約!C:C, 0), MATCH("場所｜夜間", データ集約!1:1, 0)), "" )}
C104: 排泄用品 | I104: {=IFERROR( INDEX(データ集約!A:ZZ, MATCH(D6, データ集約!C:C, 0), MATCH("排泄用品", データ集約!1:1, 0)), "" )}
A105: IADL | B105: 調理 | F105: {=IFERROR( INDEX(データ集約!A:GI, MATCH(D6, データ集約!C:C, 0), MATCH("調理", データ集約!1:1, 0)), "" )} | I105: 掃除 | M105: {=IFERROR( INDEX(データ集約!A:ZZ, MATCH(D6, データ集約!C:C, 0), MATCH("掃除", データ集約!1:1, 0)), "" )} | P105: {=IFERROR( INDEX(データ集約!A:ZZ, MATCH(D6, データ集約!C:C, 0), MATCH("IADL｜特記事項", データ集約!1:1, 0)), "" )}
B106: 洗濯 | F106: {=IFERROR( INDEX(データ集約!A:ZZ, MATCH(D6, データ集約!C:C, 0), MATCH("洗濯", データ集約!1:1, 0)), "" )} | I106: 買い物 | M106: {=IFERROR( INDEX(データ集約!A:ZZ, MATCH(D6, データ集約!C:C, 0), MATCH("買い物", データ集約!1:1, 0)), "" )}
B107: 金銭管理 | F107: {=IFERROR( INDEX(データ集約!A:ZZ, MATCH(D6, データ集約!C:C, 0), MATCH("金銭管理", データ集約!1:1, 0)), "" )}
A108: 認知 | B108: 認知症の有無・程度 | I108: {=IFERROR( INDEX(データ集約!A:ZZ, MATCH(D6, データ集約!C:C, 0), MATCH("認知症の有無", データ集約!1:1, 0)), "" )} | L108: {=IFERROR( INDEX(データ集約!A:ZZ, MATCH(D6, データ集約!C:C, 0), MATCH("認知症の程度", データ集約!1:1, 0)), "" )} | P108: {=IFERROR( INDEX(データ集約!A:ZZ, MATCH(D6, データ集約!C:C, 0), MATCH("認知機能｜特記事項", データ集約!1:1, 0)), "" )}
B109: BPSD | D109: {=IFERROR( INDEX(データ集約!A:ZZ, MATCH(D6, データ集約!C:C, 0), MATCH("BPSD", データ集約!1:1, 0)), "" )}
B111: 会 話 | I111: {=IFERROR( INDEX(データ集約!A:ZZ, MATCH(D6, データ集約!C:C, 0), MATCH("会話", データ集約!1:1, 0)), "" )}
B112: 意思疎通 | I112: {=IFERROR( INDEX(データ集約!A:ZZ, MATCH(D6, データ集約!C:C, 0), MATCH("意思疎通", データ集約!1:1, 0)), "" )}

Sheet データ集約
A1: =IFERROR(__xludf.DUMMYFUNCTION("QUERY(IMPORTRANGE(""https://docs.google.com/spreadsheets/d/1oyZMPRie0ZbHoRSApgUTWrLJRtDYMGUGZx5wkotTseU/edit"", ""アセスメントシート（更新用）!A:ZZ""), ""SELECT * WHERE Col10 CONTAINS '山川'"") "),"基本情報") -> 基本情報 | B1: =IFERROR(__xludf.DUMMYFUNCTION("""COMPUTED_VALUE"""),"利用者選択---") -> 利用者選択--- | C1: =IFERROR(__xludf.DUMMYFUNCTION("""COMPUTED_VALUE"""),"利用者名") -> 利用者名 | D1: =IFERROR(__xludf.DUMMYFUNCTION("""COMPUTED_VALUE"""),"利用者ID（被保険者番号）") -> 利用者ID（被保険者番号） | E1: =IFERROR(__xludf.DUMMYFUNCTION("""COMPUTED_VALUE"""),"絞り込み｜担当ケアマネ") -> 絞り込み｜担当ケアマネ | F1: =IFERROR(__xludf.DUMMYFUNCTION("""COMPUTED_VALUE"""),"絞り込み｜頭文字") -> 絞り込み｜頭文字 | G1: =IFERROR(__xludf.DUMMYFUNCTION("""COMPUTED_VALUE"""),"絞り込み") -> 絞り込み | H1: =IFERROR(__xludf.DUMMYFUNCTION("""COMPUTED_VALUE"""),"---利用者選択") -> ---利用者選択 | I1: =IFERROR(__xludf.DUMMYFUNCTION("""COMPUTED_VALUE"""),"作成日") -> 作成日 | J1: =IFERROR(__xludf.DUMMYFUNCTION("""COMPUTED_VALUE"""),"作成者") -> 作成者 | K1: =IFERROR(__xludf.DUMMYFUNCTION("""COMPUTED_VALUE"""),"アセスメントの理由") -> アセスメントの理由 | L1: =IFERROR(__xludf.DUMMYFUNCTION("""COMPUTED_VALUE"""),"面談場所") -> 面談場所 | M1: =IFERROR(__xludf.DUMMYFUNCTION("""COMPUTED_VALUE"""),"生活歴") -> 生活歴 | N1: =IFERROR(__xludf.DUMMYFUNCTION("""COMPUTED_VALUE"""),"本人の希望") -> 本人の希望 | O1: =IFERROR(__xludf.DUMMYFUNCTION("""COMPUTED_VALUE"""),"家族の希望") -> 家族の希望 | P1: =IFERROR(__xludf.DUMMYFUNCTION("""COMPUTED_VALUE"""),"基本情報スペース") -> 基本情報スペース | Q1: =IFERROR(__xludf.DUMMYFUNCTION("""COMPUTED_VALUE"""),"▶保険情報") -> ▶保険情報 | R1: =IFERROR(__xludf.DUMMYFUNCTION("""COMPUTED_VALUE"""),"要介護度") -> 要介護度 | S1: =IFERROR(__xludf.DUMMYFUNCTION("""COMPUTED_VALUE"""),"認定日") -> 認定日 | T1: =IFERROR(__xludf.DUMMYFUNCTION("""COMPUTED_VALUE"""),"認定期間｜開始") -> 認定期間｜開始 | U1: =IFERROR(__xludf.DUMMYFUNCTION("""COMPUTED_VALUE"""),"認定期間｜終了") -> 認定期間｜終了 | V1: =IFERROR(__xludf.DUMMYFUNCTION("""COMPUTED_VALUE"""),"負担割合") -> 負担割合 | W1: =IFERROR(__xludf.DUMMYFUNCTION("""COMPUTED_VALUE"""),"医療保険") -> 医療保険 | X1: =IFERROR(__xludf.DUMMYFUNCTION("""COMPUTED_VALUE"""),"身体障がい者手帳の有無") -> 身体障がい者手帳の有無 | Y1: =IFERROR(__xludf.DUMMYFUNCTION("""COMPUTED_VALUE"""),"種類") -> 種類 | Z1: =IFERROR(__xludf.DUMMYFUNCTION("""COMPUTED_VALUE"""),"難病申請") -> 難病申請 | AA1: =IFERROR(__xludf.DUMMYFUNCTION("""COMPUTED_VALUE"""),"生活保護") -> 生活保護 | AB1: =IFERROR(__xludf.DUMMYFUNCTION("""COMPUTED_VALUE"""),"障がい者日常生活自立度") -> 障がい者日常生活自立度 | AC1: =IFERROR(__xludf.DUMMYFUNCTION("""COMPUTED_VALUE"""),"認知症日常生活自立度") -> 認知症日常生活自立度 | AD1: =IFERROR(__xludf.DUMMYFUNCTION("""COMPUTED_VALUE"""),"←｜保険情報") -> ←｜保険情報 | AE1: =IFERROR(__xludf.DUMMYFUNCTION("""COMPUTED_VALUE"""),"▶家族状況") -> ▶家族状況 | AF1: =IFERROR(__xludf.DUMMYFUNCTION("""COMPUTED_VALUE"""),"家族氏名-1") -> 家族氏名-1 | AG1: =IFERROR(__xludf.DUMMYFUNCTION("""COMPUTED_VALUE"""),"続柄-1") -> 続柄-1 | AH1: =IFERROR(__xludf.DUMMYFUNCTION("""COMPUTED_VALUE"""),"住所-1") -> 住所-1 | AI1: =IFERROR(__xludf.DUMMYFUNCTION("""COMPUTED_VALUE"""),"同居有無-1") -> 同居有無-1 | AJ1: =IFERROR(__xludf.DUMMYFUNCTION("""COMPUTED_VALUE"""),"介護-1") -> 介護-1 | AK1: =IFERROR(__xludf.DUMMYFUNCTION("""COMPUTED_VALUE"""),"就労-1") -> 就労-1 | AL1: =IFERROR(__xludf.DUMMYFUNCTION("""COMPUTED_VALUE"""),"連絡先-1") -> 連絡先-1 | AM1: =IFERROR(__xludf.DUMMYFUNCTION("""COMPUTED_VALUE"""),"備考-1") -> 備考-1 | AN1: =IFERROR(__xludf.DUMMYFUNCTION("""COMPUTED_VALUE"""),"家族氏名-2") -> 家族氏名-2 | AO1: =IFERROR(__xludf.DUMMYFUNCTION("""COMPUTED_VALUE"""),"続柄-2") -> 続柄-2 | AP1: =IFERROR(__xludf.DUMMYFUNCTION("""COMPUTED_VALUE"""),"住所-2") -> 住所-2 | AQ1: =IFERROR(__xludf.DUMMYFUNCTION("""COMPUTED_VALUE"""),"同居有無-2") -> 同居有無-2 | AR1: =IFERROR(__xludf.DUMMYFUNCTION("""COMPUTED_VALUE"""),"介護-2") -> 介護-2 | AS1: =IFERROR(__xludf.DUMMYFUNCTION("""COMPUTED_VALUE"""),"就労-2") -> 就労-2 | AT1: =IFERROR(__xludf.DUMMYFUNCTION("""COMPUTED_VALUE"""),"連絡先-2") -> 連絡先-2 | AU1: =IFERROR(__xludf.DUMMYFUNCTION("""COMPUTED_VALUE"""),"備考-2") -> 備考-2 | AV1: =IFERROR(__xludf.DUMMYFUNCTION("""COMPUTED_VALUE"""),"←｜家族状況") -> ←｜家族状況 | AW1: =IFERROR(__xludf.DUMMYFUNCTION("""COMPUTED_VALUE"""),"▶居住状況") -> ▶居住状況 | AX1: =IFERROR(__xludf.DUMMYFUNCTION("""COMPUTED_VALUE"""),"家庭環境") -> 家庭環境 | AY1: =IFERROR(__xludf.DUMMYFUNCTION("""COMPUTED_VALUE"""),"住宅形態") -> 住宅形態 | AZ1: =IFERROR(__xludf.DUMMYFUNCTION("""COMPUTED_VALUE"""),"住宅形態｜エレベーターの有無") -> 住宅形態｜エレベーターの有無 | BA1: =IFERROR(__xludf.DUMMYFUNCTION("""COMPUTED_VALUE"""),"住宅権利") -> 住宅権利 | BB1: =IFERROR(__xludf.DUMMYFUNCTION("""COMPUTED_VALUE"""),"専有居室") -> 専有居室 | BC1: =IFERROR(__xludf.DUMMYFUNCTION("""COMPUTED_VALUE"""),"冷暖房") -> 冷暖房 | BD1: =IFERROR(__xludf.DUMMYFUNCTION("""COMPUTED_VALUE"""),"トイレ") -> トイレ | BE1: =IFERROR(__xludf.DUMMYFUNCTION("""COMPUTED_VALUE"""),"手すりの有無") -> 手すりの有無 | BF1: =IFERROR(__xludf.DUMMYFUNCTION("""COMPUTED_VALUE"""),"段差の有無") -> 段差の有無 | BG1: =IFERROR(__xludf.DUMMYFUNCTION("""COMPUTED_VALUE"""),"浴室") -> 浴室 | BH1: =IFERROR(__xludf.DUMMYFUNCTION("""COMPUTED_VALUE"""),"浴室内手すり") -> 浴室内手すり | BI1: =IFERROR(__xludf.DUMMYFUNCTION("""COMPUTED_VALUE"""),"就寝") -> 就寝 | BJ1: =IFERROR(__xludf.DUMMYFUNCTION("""COMPUTED_VALUE"""),"居室段差") -> 居室段差 | BK1: =IFERROR(__xludf.DUMMYFUNCTION("""COMPUTED_VALUE"""),"住宅改修") -> 住宅改修 | BL1: =IFERROR(__xludf.DUMMYFUNCTION("""COMPUTED_VALUE"""),"住宅改修の必要性") -> 住宅改修の必要性 | BM1: =IFERROR(__xludf.DUMMYFUNCTION("""COMPUTED_VALUE"""),"特別な状況") -> 特別な状況 | BN1: =IFERROR(__xludf.DUMMYFUNCTION("""COMPUTED_VALUE"""),"←｜居住状況") -> ←｜居住状況 | BO1: =IFERROR(__xludf.DUMMYFUNCTION("""COMPUTED_VALUE"""),"▶利用サービス") -> ▶利用サービス | BP1: =IFERROR(__xludf.DUMMYFUNCTION("""COMPUTED_VALUE"""),"介護サービス") -> 介護サービス | BQ1: =IFERROR(__xludf.DUMMYFUNCTION("""COMPUTED_VALUE"""),"福祉用具") -> 福祉用具 | BR1: =IFERROR(__xludf.DUMMYFUNCTION("""COMPUTED_VALUE"""),"その他") -> その他 | BS1: =IFERROR(__xludf.DUMMYFUNCTION("""COMPUTED_VALUE"""),"インフォーマルサービス") -> インフォーマルサービス | BT1: =IFERROR(__xludf.DUMMYFUNCTION("""COMPUTED_VALUE"""),"社会との関り") -> 社会との関り | BU1: =IFERROR(__xludf.DUMMYFUNCTION("""COMPUTED_VALUE"""),"←｜利用サービス") -> ←｜利用サービス | BV1: =IFERROR(__xludf.DUMMYFUNCTION("""COMPUTED_VALUE"""),"身体の状況") -> 身体の状況 | BW1: =IFERROR(__xludf.DUMMYFUNCTION("""COMPUTED_VALUE"""),"▶健康状態") -> ▶健康状態 | BX1: =IFERROR(__xludf.DUMMYFUNCTION("""COMPUTED_VALUE"""),"疾患名-1") -> 疾患名-1 | BY1: =IFERROR(__xludf.DUMMYFUNCTION("""COMPUTED_VALUE"""),"発症日-1") -> 発症日-1 | BZ1: =IFERROR(__xludf.DUMMYFUNCTION("""COMPUTED_VALUE"""),"疾患名-2") -> 疾患名-2 | CA1: =IFERROR(__xludf.DUMMYFUNCTION("""COMPUTED_VALUE"""),"発症日-2") -> 発症日-2 | CB1: =IFERROR(__xludf.DUMMYFUNCTION("""COMPUTED_VALUE"""),"疾患名-3") -> 疾患名-3 | CC1: =IFERROR(__xludf.DUMMYFUNCTION("""COMPUTED_VALUE"""),"発症日-3") -> 発症日-3 | CD1: =IFERROR(__xludf.DUMMYFUNCTION("""COMPUTED_VALUE"""),"疾患名-4") -> 疾患名-4 | CE1: =IFERROR(__xludf.DUMMYFUNCTION("""COMPUTED_VALUE"""),"発症日-4") -> 発症日-4 | CF1: =IFERROR(__xludf.DUMMYFUNCTION("""COMPUTED_VALUE"""),"疾患名-5") -> 疾患名-5 | CG1: =IFERROR(__xludf.DUMMYFUNCTION("""COMPUTED_VALUE"""),"発症日-5") -> 発症日-5 | CH1: =IFERROR(__xludf.DUMMYFUNCTION("""COMPUTED_VALUE"""),"疾患名-6") -> 疾患名-6 | CI1: =IFERROR(__xludf.DUMMYFUNCTION("""COMPUTED_VALUE"""),"発症日-6") -> 発症日-6 | CJ1: =IFERROR(__xludf.DUMMYFUNCTION("""COMPUTED_VALUE"""),"通院") -> 通院 | CK1: =IFERROR(__xludf.DUMMYFUNCTION("""COMPUTED_VALUE"""),"主治医※安濃津ろまん入居後（中）｜病院・医院") -> 主治医※安濃津ろまん入居後（中）｜病院・医院 | CL1: =IFERROR(__xludf.DUMMYFUNCTION("""COMPUTED_VALUE"""),"主治医※安濃津ろまん入居後（中）｜氏名") -> 主治医※安濃津ろまん入居後（中）｜氏名 | CM1: =IFERROR(__xludf.DUMMYFUNCTION("""COMPUTED_VALUE"""),"往診医｜病院・医院") -> 往診医｜病院・医院 | CN1: =IFERROR(__xludf.DUMMYFUNCTION("""COMPUTED_VALUE"""),"往診医｜氏名") -> 往診医｜氏名 | CO1: =IFERROR(__xludf.DUMMYFUNCTION("""COMPUTED_VALUE"""),"かかりつけ医①") -> かかりつけ医① | CP1: =IFERROR(__xludf.DUMMYFUNCTION("""COMPUTED_VALUE"""),"かかりつけ医②") -> かかりつけ医② | CQ1: =IFERROR(__xludf.DUMMYFUNCTION("""COMPUTED_VALUE"""),"かかりつけ医③") -> かかりつけ医③ | CR1: =IFERROR(__xludf.DUMMYFUNCTION("""COMPUTED_VALUE"""),"かかりつけ医④") -> かかりつけ医④ | CS1: =IFERROR(__xludf.DUMMYFUNCTION("""COMPUTED_VALUE"""),"既往歴") -> 既往歴 | CT1: =IFERROR(__xludf.DUMMYFUNCTION("""COMPUTED_VALUE"""),"服薬") -> 服薬 | CU1: =IFERROR(__xludf.DUMMYFUNCTION("""COMPUTED_VALUE"""),"アレルギー｜有無") -> アレルギー｜有無 | CV1: =IFERROR(__xludf.DUMMYFUNCTION("""COMPUTED_VALUE"""),"アレルギー｜特記") -> アレルギー｜特記 | CW1: =IFERROR(__xludf.DUMMYFUNCTION("""COMPUTED_VALUE"""),"←｜健康状態") -> ←｜健康状態 | CX1: =IFERROR(__xludf.DUMMYFUNCTION("""COMPUTED_VALUE"""),"▶身体状況") -> ▶身体状況 | CY1: =IFERROR(__xludf.DUMMYFUNCTION("""COMPUTED_VALUE"""),"皮膚疾患") -> 皮膚疾患 | CZ1: =IFERROR(__xludf.DUMMYFUNCTION("""COMPUTED_VALUE"""),"感染症") -> 感染症 | DA1: =IFERROR(__xludf.DUMMYFUNCTION("""COMPUTED_VALUE"""),"特別な医療処置") -> 特別な医療処置 | DB1: =IFERROR(__xludf.DUMMYFUNCTION("""COMPUTED_VALUE"""),"麻痺") -> 麻痺 | DC1: =IFERROR(__xludf.DUMMYFUNCTION("""COMPUTED_VALUE"""),"痛み") -> 痛み | DD1: =IFERROR(__xludf.DUMMYFUNCTION("""COMPUTED_VALUE"""),"身長") -> 身長 | DE1: =IFERROR(__xludf.DUMMYFUNCTION("""COMPUTED_VALUE"""),"体重") -> 体重 | DF1: =IFERROR(__xludf.DUMMYFUNCTION("""COMPUTED_VALUE"""),"視力") -> 視力 | DG1: =IFERROR(__xludf.DUMMYFUNCTION("""COMPUTED_VALUE"""),"眼鏡等") -> 眼鏡等 | DH1: =IFERROR(__xludf.DUMMYFUNCTION("""COMPUTED_VALUE"""),"聴力") -> 聴力 | DI1: =IFERROR(__xludf.DUMMYFUNCTION("""COMPUTED_VALUE"""),"補聴器等") -> 補聴器等 | DJ1: =IFERROR(__xludf.DUMMYFUNCTION("""COMPUTED_VALUE"""),"身体状況｜特記事項") -> 身体状況｜特記事項 | DK1: =IFERROR(__xludf.DUMMYFUNCTION("""COMPUTED_VALUE"""),"←｜身体状況") -> ←｜身体状況 | DL1: =IFERROR(__xludf.DUMMYFUNCTION("""COMPUTED_VALUE"""),"▶認知機能") -> ▶認知機能 | DM1: =IFERROR(__xludf.DUMMYFUNCTION("""COMPUTED_VALUE"""),"認知症の有無") -> 認知症の有無 | DN1: =IFERROR(__xludf.DUMMYFUNCTION("""COMPUTED_VALUE"""),"認知症の程度") -> 認知症の程度 | DO1: =IFERROR(__xludf.DUMMYFUNCTION("""COMPUTED_VALUE"""),"BPSD") -> BPSD | DP1: =IFERROR(__xludf.DUMMYFUNCTION("""COMPUTED_VALUE"""),"会話") -> 会話 | DQ1: =IFERROR(__xludf.DUMMYFUNCTION("""COMPUTED_VALUE"""),"意思疎通") -> 意思疎通 | DR1: =IFERROR(__xludf.DUMMYFUNCTION("""COMPUTED_VALUE"""),"認知機能｜特記事項") -> 認知機能｜特記事項 | DS1: =IFERROR(__xludf.DUMMYFUNCTION("""COMPUTED_VALUE"""),"←｜認知機能") -> ←｜認知機能 | DT1: =IFERROR(__xludf.DUMMYFUNCTION("""COMPUTED_VALUE"""),"日常生活動作") -> 日常生活動作 | DU1: =IFERROR(__xludf.DUMMYFUNCTION("""COMPUTED_VALUE"""),"▶基本動作") -> ▶基本動作 | DV1: =IFERROR(__xludf.DUMMYFUNCTION("""COMPUTED_VALUE"""),"寝返り") -> 寝返り | DW1: =IFERROR(__xludf.DUMMYFUNCTION("""COMPUTED_VALUE"""),"起き上がり") -> 起き上がり | DX1: =IFERROR(__xludf.DUMMYFUNCTION("""COMPUTED_VALUE"""),"座位") -> 座位 | DY1: =IFERROR(__xludf.DUMMYFUNCTION("""COMPUTED_VALUE"""),"立ち上がり") -> 立ち上がり | DZ1: =IFERROR(__xludf.DUMMYFUNCTION("""COMPUTED_VALUE"""),"立位") -> 立位 | EA1: =IFERROR(__xludf.DUMMYFUNCTION("""COMPUTED_VALUE"""),"移乗") -> 移乗 | EB1: =IFERROR(__xludf.DUMMYFUNCTION("""COMPUTED_VALUE"""),"屋内移動") -> 屋内移動 | EC1: =IFERROR(__xludf.DUMMYFUNCTION("""COMPUTED_VALUE"""),"屋内移動｜使用用具") -> 屋内移動｜使用用具 | ED1: =IFERROR(__xludf.DUMMYFUNCTION("""COMPUTED_VALUE"""),"屋外移動") -> 屋外移動 | EE1: =IFERROR(__xludf.DUMMYFUNCTION("""COMPUTED_VALUE"""),"屋外移動｜使用用具") -> 屋外移動｜使用用具 | EF1: =IFERROR(__xludf.DUMMYFUNCTION("""COMPUTED_VALUE"""),"基本動作｜特記事項") -> 基本動作｜特記事項 | EG1: =IFERROR(__xludf.DUMMYFUNCTION("""COMPUTED_VALUE"""),"←｜基本動作") -> ←｜基本動作 | EH1: =IFERROR(__xludf.DUMMYFUNCTION("""COMPUTED_VALUE"""),"▶ADL") -> ▶ADL | EI1: =IFERROR(__xludf.DUMMYFUNCTION("""COMPUTED_VALUE"""),"＞食事") -> ＞食事 | EJ1: =IFERROR(__xludf.DUMMYFUNCTION("""COMPUTED_VALUE"""),"食事方法") -> 食事方法 | EK1: =IFERROR(__xludf.DUMMYFUNCTION("""COMPUTED_VALUE"""),"食事動作") -> 食事動作 | EL1: =IFERROR(__xludf.DUMMYFUNCTION("""COMPUTED_VALUE"""),"嚥下") -> 嚥下 | EM1: =IFERROR(__xludf.DUMMYFUNCTION("""COMPUTED_VALUE"""),"食事形態｜主食") -> 食事形態｜主食 | EN1: =IFERROR(__xludf.DUMMYFUNCTION("""COMPUTED_VALUE"""),"食事形態｜副食") -> 食事形態｜副食 | EO1: =IFERROR(__xludf.DUMMYFUNCTION("""COMPUTED_VALUE"""),"水分とろみ") -> 水分とろみ | EP1: =IFERROR(__xludf.DUMMYFUNCTION("""COMPUTED_VALUE"""),"食事制限") -> 食事制限 | EQ1: =IFERROR(__xludf.DUMMYFUNCTION("""COMPUTED_VALUE"""),"道具・用具") -> 道具・用具 | ER1: =IFERROR(__xludf.DUMMYFUNCTION("""COMPUTED_VALUE"""),"食事｜特記事項") -> 食事｜特記事項 | ES1: =IFERROR(__xludf.DUMMYFUNCTION("""COMPUTED_VALUE"""),"←｜食事") -> ←｜食事 | ET1: =IFERROR(__xludf.DUMMYFUNCTION("""COMPUTED_VALUE"""),"＞口腔") -> ＞口腔 | EU1: =IFERROR(__xludf.DUMMYFUNCTION("""COMPUTED_VALUE"""),"口腔衛生") -> 口腔衛生 | EV1: =IFERROR(__xludf.DUMMYFUNCTION("""COMPUTED_VALUE"""),"自歯の有無") -> 自歯の有無 | EW1: =IFERROR(__xludf.DUMMYFUNCTION("""COMPUTED_VALUE"""),"義歯の有無") -> 義歯の有無 | EX1: =IFERROR(__xludf.DUMMYFUNCTION("""COMPUTED_VALUE"""),"義歯の種類") -> 義歯の種類 | EY1: =IFERROR(__xludf.DUMMYFUNCTION("""COMPUTED_VALUE"""),"義歯の場所") -> 義歯の場所 | EZ1: =IFERROR(__xludf.DUMMYFUNCTION("""COMPUTED_VALUE"""),"口腔｜特記事項") -> 口腔｜特記事項 | FA1: =IFERROR(__xludf.DUMMYFUNCTION("""COMPUTED_VALUE"""),"←｜口腔") -> ←｜口腔 | FB1: =IFERROR(__xludf.DUMMYFUNCTION("""COMPUTED_VALUE"""),"＞入浴・更衣") -> ＞入浴・更衣 | FC1: =IFERROR(__xludf.DUMMYFUNCTION("""COMPUTED_VALUE"""),"入浴動作") -> 入浴動作 | FD1: =IFERROR(__xludf.DUMMYFUNCTION("""COMPUTED_VALUE"""),"形態") -> 形態 | FE1: =IFERROR(__xludf.DUMMYFUNCTION("""COMPUTED_VALUE"""),"入浴の制限") -> 入浴の制限 | FF1: =IFERROR(__xludf.DUMMYFUNCTION("""COMPUTED_VALUE"""),"←｜入浴") -> ←｜入浴 | FG1: =IFERROR(__xludf.DUMMYFUNCTION("""COMPUTED_VALUE"""),"上衣") -> 上衣 | FH1: =IFERROR(__xludf.DUMMYFUNCTION("""COMPUTED_VALUE"""),"下衣") -> 下衣 | FI1: =IFERROR(__xludf.DUMMYFUNCTION("""COMPUTED_VALUE"""),"入浴・更衣｜特記事項") -> 入浴・更衣｜特記事項 | FJ1: =IFERROR(__xludf.DUMMYFUNCTION("""COMPUTED_VALUE"""),"←｜更衣") -> ←｜更衣 | FK1: =IFERROR(__xludf.DUMMYFUNCTION("""COMPUTED_VALUE"""),"＞排泄") -> ＞排泄 | FL1: =IFERROR(__xludf.DUMMYFUNCTION("""COMPUTED_VALUE"""),"排泄動作") -> 排泄動作 | FM1: =IFERROR(__xludf.DUMMYFUNCTION("""COMPUTED_VALUE"""),"尿意") -> 尿意 | FN1: =IFERROR(__xludf.DUMMYFUNCTION("""COMPUTED_VALUE"""),"尿失禁") -> 尿失禁 | FO1: =IFERROR(__xludf.DUMMYFUNCTION("""COMPUTED_VALUE"""),"便意") -> 便意 | FP1: =IFERROR(__xludf.DUMMYFUNCTION("""COMPUTED_VALUE"""),"便失禁") -> 便失禁 | FQ1: =IFERROR(__xludf.DUMMYFUNCTION("""COMPUTED_VALUE"""),"状況") -> 状況 | FR1: =IFERROR(__xludf.DUMMYFUNCTION("""COMPUTED_VALUE"""),"場所｜日中") -> 場所｜日中 | FS1: =IFERROR(__xludf.DUMMYFUNCTION("""COMPUTED_VALUE"""),"場所｜夜間") -> 場所｜夜間 | FT1: =IFERROR(__xludf.DUMMYFUNCTION("""COMPUTED_VALUE"""),"排泄用品") -> 排泄用品 | FU1: =IFERROR(__xludf.DUMMYFUNCTION("""COMPUTED_VALUE"""),"排泄｜特記事項") -> 排泄｜特記事項 | FV1: =IFERROR(__xludf.DUMMYFUNCTION("""COMPUTED_VALUE"""),"←｜排泄") -> ←｜排泄 | FW1: =IFERROR(__xludf.DUMMYFUNCTION("""COMPUTED_VALUE"""),"←｜ADL") -> ←｜ADL | FX1: =IFERROR(__xludf.DUMMYFUNCTION("""COMPUTED_VALUE"""),"▶IADL") -> ▶IADL | FY1: =IFERROR(__xludf.DUMMYFUNCTION("""COMPUTED_VALUE"""),"調理") -> 調理 | FZ1: =IFERROR(__xludf.DUMMYFUNCTION("""COMPUTED_VALUE"""),"掃除") -> 掃除 | GA1: =IFERROR(__xludf.DUMMYFUNCTION("""COMPUTED_VALUE"""),"洗濯") -> 洗濯 | GB1: =IFERROR(__xludf.DUMMYFUNCTION("""COMPUTED_VALUE"""),"買い物") -> 買い物 | GC1: =IFERROR(__xludf.DUMMYFUNCTION("""COMPUTED_VALUE"""),"金銭管理") -> 金銭管理 | GD1: =IFERROR(__xludf.DUMMYFUNCTION("""COMPUTED_VALUE"""),"IADL｜特記事項") -> IADL｜特記事項 | GE1: =IFERROR(__xludf.DUMMYFUNCTION("""COMPUTED_VALUE"""),"←｜IADL") -> ←｜IADL | GF1: =IFERROR(__xludf.DUMMYFUNCTION("""COMPUTED_VALUE"""),"特記・備考") -> 特記・備考 | GG1: =IFERROR(__xludf.DUMMYFUNCTION("""COMPUTED_VALUE"""),"その他、特記事項") -> その他、特記事項 | GH1: =IFERROR(__xludf.DUMMYFUNCTION("""COMPUTED_VALUE"""),"所要時間") -> 所要時間 | GI1: =IFERROR(__xludf.DUMMYFUNCTION("""COMPUTED_VALUE"""),"")
C2: =IFERROR(__xludf.DUMMYFUNCTION("""COMPUTED_VALUE"""),"藤村 國造") -> 藤村 國造 | D2: =IFERROR(__xludf.DUMMYFUNCTION("""COMPUTED_VALUE"""),"1231") -> 1231 | I2: =IFERROR(__xludf.DUMMYFUNCTION("""COMPUTED_VALUE"""),45477) -> 45477 | J2: =IFERROR(__xludf.DUMMYFUNCTION("""COMPUTED_VALUE"""),"山川 和輝") -> 山川 和輝 | K2: =IFERROR(__xludf.DUMMYFUNCTION("""COMPUTED_VALUE"""),"新規") -> 新規 | L2: =IFERROR(__xludf.DUMMYFUNCTION("""COMPUTED_VALUE"""),"入院先の病院") -> 入院先の病院 | M2: =IFERROR(__xludf.DUMMYFUNCTION("""COMPUTED_VALUE"""),"自宅で夫婦2人暮らし。2年ほど前から尿汚染が多くなり妻の介護も限界となってきたため、有料老人ホームに入所となったが、入所から2～3ヶ月経つ頃、熱発を度々繰り返すようになり、三重中央医療センターに入院となる。何かしらの原因で腰椎からの細菌感染によるもので抗生剤治療を行う。その後、榊原温泉病院に転院して治療を継続。榊原温泉病院での入院期間は約1年程度あったが、状態が落ち着いてきたこともあり、自宅で生活することは困難なため安濃津ろまんへ入居の申し込みをされた。") -> 自宅で夫婦2人暮らし。2年ほど前から尿汚染が多くなり妻の介護も限界となってきたため、有料老人ホームに入所となったが、入所から2～3ヶ月経つ頃、熱発を度々繰り返すようになり、三重中央医療センターに入院となる。何かしらの原因で腰椎からの細菌感染によるもので抗生剤治療を行う。その後、榊原温泉病院に転院して治療を継続。榊原温泉病院での入院期間は約1年程度あったが、状態が落ち着いてきたこともあり、自宅で生活することは困難なため安濃津ろまんへ入居の申し込みをされた。 | N2: =IFERROR(__xludf.DUMMYFUNCTION("""COMPUTED_VALUE"""),"眠られており意向の聴取が困難でだった。") -> 眠られており意向の聴取が困難でだった。 | Q2: =IFERROR(__xludf.DUMMYFUNCTION("""COMPUTED_VALUE"""),"入力") -> 入力 | R2: =IFERROR(__xludf.DUMMYFUNCTION("""COMPUTED_VALUE"""),"要介護５") -> 要介護５ | AE2: =IFERROR(__xludf.DUMMYFUNCTION("""COMPUTED_VALUE"""),"入力") -> 入力 | AF2: =IFERROR(__xludf.DUMMYFUNCTION("""COMPUTED_VALUE"""),"藤村 高行") -> 藤村 高行 | AG2: =IFERROR(__xludf.DUMMYFUNCTION("""COMPUTED_VALUE"""),"長男") -> 長男 | AI2: =IFERROR(__xludf.DUMMYFUNCTION("""COMPUTED_VALUE"""),"別居") -> 別居 | AJ2: =IFERROR(__xludf.DUMMYFUNCTION("""COMPUTED_VALUE"""),"介護する") -> 介護する | AK2: =IFERROR(__xludf.DUMMYFUNCTION("""COMPUTED_VALUE"""),"有") -> 有 | AL2: =IFERROR(__xludf.DUMMYFUNCTION("""COMPUTED_VALUE"""),"090-7693-3788") -> 090-7693-3788 | AM2: =IFERROR(__xludf.DUMMYFUNCTION("""COMPUTED_VALUE"""),"KP。津市河芸町在住。") -> KP。津市河芸町在住。 | AN2: =IFERROR(__xludf.DUMMYFUNCTION("""COMPUTED_VALUE"""),"藤村 聡美") -> 藤村 聡美 | AO2: =IFERROR(__xludf.DUMMYFUNCTION("""COMPUTED_VALUE"""),"長男の妻") -> 長男の妻 | AQ2: =IFERROR(__xludf.DUMMYFUNCTION("""COMPUTED_VALUE"""),"別居") -> 別居 | AT2: =IFERROR(__xludf.DUMMYFUNCTION("""COMPUTED_VALUE"""),"090-5457-1470") -> 090-5457-1470 | AU2: =IFERROR(__xludf.DUMMYFUNCTION("""COMPUTED_VALUE"""),"介護、就労状況は不明。") -> 介護、就労状況は不明。 | AW2: =IFERROR(__xludf.DUMMYFUNCTION("""COMPUTED_VALUE"""),"入力") -> 入力 | AX2: =IFERROR(__xludf.DUMMYFUNCTION("""COMPUTED_VALUE"""),"一人暮らし") -> 一人暮らし | AY2: =IFERROR(__xludf.DUMMYFUNCTION("""COMPUTED_VALUE"""),"集合住宅") -> 集合住宅 | AZ2: =IFERROR(__xludf.DUMMYFUNCTION("""COMPUTED_VALUE"""),"エレベーター有") -> エレベーター有 | BA2: =IFERROR(__xludf.DUMMYFUNCTION("""COMPUTED_VALUE"""),"賃貸") -> 賃貸 | BB2: =IFERROR(__xludf.DUMMYFUNCTION("""COMPUTED_VALUE"""),"有") -> 有 | BC2: =IFERROR(__xludf.DUMMYFUNCTION("""COMPUTED_VALUE"""),"有") -> 有 | BD2: =IFERROR(__xludf.DUMMYFUNCTION("""COMPUTED_VALUE"""),"ウォシュレット") -> ウォシュレット | BG2: =IFERROR(__xludf.DUMMYFUNCTION("""COMPUTED_VALUE"""),"無") -> 無 | BI2: =IFERROR(__xludf.DUMMYFUNCTION("""COMPUTED_VALUE"""),"リクライニングベッド") -> リクライニングベッド | BJ2: =IFERROR(__xludf.DUMMYFUNCTION("""COMPUTED_VALUE"""),"無") -> 無 | BK2: =IFERROR(__xludf.DUMMYFUNCTION("""COMPUTED_VALUE"""),"無") -> 無 | BL2: =IFERROR(__xludf.DUMMYFUNCTION("""COMPUTED_VALUE"""),"無") -> 無 | BW2: =IFERROR(__xludf.DUMMYFUNCTION("""COMPUTED_VALUE"""),"入力") -> 入力 | BX2: =IFERROR(__xludf.DUMMYFUNCTION("""COMPUTED_VALUE"""),"MRSA感染性心内膜炎") -> MRSA感染性心内膜炎 | BY2: =IFERROR(__xludf.DUMMYFUNCTION("""COMPUTED_VALUE"""),"2022/12/16") -> 2022/12/16 | BZ2: =IFERROR(__xludf.DUMMYFUNCTION("""COMPUTED_VALUE"""),"COVID19感染") -> COVID19感染 | CA2: =IFERROR(__xludf.DUMMYFUNCTION("""COMPUTED_VALUE"""),"2023/01/26") -> 2023/01/26 | CB2: =IFERROR(__xludf.DUMMYFUNCTION("""COMPUTED_VALUE"""),"誤嚥性肺炎") -> 誤嚥性肺炎 | CC2: =IFERROR(__xludf.DUMMYFUNCTION("""COMPUTED_VALUE"""),"2023/02/07") -> 2023/02/07 | CD2: =IFERROR(__xludf.DUMMYFUNCTION("""COMPUTED_VALUE"""),"神経因性膀胱") -> 神経因性膀胱 | CE2: =IFERROR(__xludf.DUMMYFUNCTION("""COMPUTED_VALUE"""),"2023/08/12") -> 2023/08/12 | CF2: =IFERROR(__xludf.DUMMYFUNCTION("""COMPUTED_VALUE"""),"化膿性脊髄炎") -> 化膿性脊髄炎 | CG2: =IFERROR(__xludf.DUMMYFUNCTION("""COMPUTED_VALUE"""),"2023/08/12") -> 2023/08/12 | CJ2: =IFERROR(__xludf.DUMMYFUNCTION("""COMPUTED_VALUE"""),"現在入院中。 退院後、化膿性脊髄炎による発熱が予見され、発熱された場合は整形外科を受診。（武内病院へ受診予定） バルーンカテーテルを使用されており、武内病院で月1回の頻度で交換が必要。") -> 現在入院中。 退院後、化膿性脊髄炎による発熱が予見され、発熱された場合は整形外科を受診。（武内病院へ受診予定） バルーンカテーテルを使用されており、武内病院で月1回の頻度で交換が必要。 | CT2: =IFERROR(__xludf.DUMMYFUNCTION("""COMPUTED_VALUE"""),"［薬情報］ カロナール錠200 トラゼンタ錠5ｍｇ カンデサルタンOD錠8ｍｇ ミノサイクリン塩酸塩カプセル100ｍｇ アゾセミド錠30ｍｇ") -> ［薬情報］ カロナール錠200 トラゼンタ錠5ｍｇ カンデサルタンOD錠8ｍｇ ミノサイクリン塩酸塩カプセル100ｍｇ アゾセミド錠30ｍｇ | CX2: =IFERROR(__xludf.DUMMYFUNCTION("""COMPUTED_VALUE"""),"入力") -> 入力 | CY2: =IFERROR(__xludf.DUMMYFUNCTION("""COMPUTED_VALUE"""),"無") -> 無 | CZ2: =IFERROR(__xludf.DUMMYFUNCTION("""COMPUTED_VALUE"""),"無") -> 無 | DA2: =IFERROR(__xludf.DUMMYFUNCTION("""COMPUTED_VALUE"""),"カテーテル") -> カテーテル | DB2: =IFERROR(__xludf.DUMMYFUNCTION("""COMPUTED_VALUE"""),"なし") -> なし | DC2: =IFERROR(__xludf.DUMMYFUNCTION("""COMPUTED_VALUE"""),"左股関節に拘縮があり他動で痛みあり。") -> 左股関節に拘縮があり他動で痛みあり。 | DD2: =IFERROR(__xludf.DUMMYFUNCTION("""COMPUTED_VALUE"""),149) -> 149 | DE2: =IFERROR(__xludf.DUMMYFUNCTION("""COMPUTED_VALUE"""),42) -> 42 | DF2: =IFERROR(__xludf.DUMMYFUNCTION("""COMPUTED_VALUE"""),"大きい字は可") -> 大きい字は可 | DG2: =IFERROR(__xludf.DUMMYFUNCTION("""COMPUTED_VALUE"""),"有") -> 有 | DH2: =IFERROR(__xludf.DUMMYFUNCTION("""COMPUTED_VALUE"""),"大きい声は可") -> 大きい声は可 | DI2: =IFERROR(__xludf.DUMMYFUNCTION("""COMPUTED_VALUE"""),"無") -> 無 | DJ2: =IFERROR(__xludf.DUMMYFUNCTION("""COMPUTED_VALUE"""),"MRSAの既往があるものの、現在は特に問題なし。 左股関節に拘縮があり、他動で動かすことで痛みを生じる。 難聴があり、大きな声で話す必要があるが、声が大きすぎると時折「うるさい。」と言われることもある。 インシュリンは必要ないが、現在は血糖測定を月木の朝昼晩で行っているが、退院時はなしになる予定。") -> MRSAの既往があるものの、現在は特に問題なし。 左股関節に拘縮があり、他動で動かすことで痛みを生じる。 難聴があり、大きな声で話す必要があるが、声が大きすぎると時折「うるさい。」と言われることもある。 インシュリンは必要ないが、現在は血糖測定を月木の朝昼晩で行っているが、退院時はなしになる予定。 | DL2: =IFERROR(__xludf.DUMMYFUNCTION("""COMPUTED_VALUE"""),"入力") -> 入力 | DM2: =IFERROR(__xludf.DUMMYFUNCTION("""COMPUTED_VALUE"""),"有") -> 有 | DO2: =IFERROR(__xludf.DUMMYFUNCTION("""COMPUTED_VALUE"""),"無") -> 無 | DP2: =IFERROR(__xludf.DUMMYFUNCTION("""COMPUTED_VALUE"""),"不明瞭") -> 不明瞭 | DQ2: =IFERROR(__xludf.DUMMYFUNCTION("""COMPUTED_VALUE"""),"その場のみ可") -> その場のみ可 | DR2: =IFERROR(__xludf.DUMMYFUNCTION("""COMPUTED_VALUE"""),"認知機能の低下はあるものの、精査が困難。問題行動や介護抵抗等は見られない。") -> 認知機能の低下はあるものの、精査が困難。問題行動や介護抵抗等は見られない。 | DU2: =IFERROR(__xludf.DUMMYFUNCTION("""COMPUTED_VALUE"""),"入力") -> 入力 | DV2: =IFERROR(__xludf.DUMMYFUNCTION("""COMPUTED_VALUE"""),"できない") -> できない | DW2: =IFERROR(__xludf.DUMMYFUNCTION("""COMPUTED_VALUE"""),"できない") -> できない | DX2: =IFERROR(__xludf.DUMMYFUNCTION("""COMPUTED_VALUE"""),"支えてもらえればできる") -> 支えてもらえればできる | DY2: =IFERROR(__xludf.DUMMYFUNCTION("""COMPUTED_VALUE"""),"できない") -> できない | DZ2: =IFERROR(__xludf.DUMMYFUNCTION("""COMPUTED_VALUE"""),"できない") -> できない | EA2: =IFERROR(__xludf.DUMMYFUNCTION("""COMPUTED_VALUE"""),"全介助") -> 全介助 | EB2: =IFERROR(__xludf.DUMMYFUNCTION("""COMPUTED_VALUE"""),"全介助") -> 全介助 | EC2: =IFERROR(__xludf.DUMMYFUNCTION("""COMPUTED_VALUE"""),"車椅子") -> 車椅子 | ED2: =IFERROR(__xludf.DUMMYFUNCTION("""COMPUTED_VALUE"""),"全介助") -> 全介助 | EE2: =IFERROR(__xludf.DUMMYFUNCTION("""COMPUTED_VALUE"""),"車椅子") -> 車椅子 | EF2: =IFERROR(__xludf.DUMMYFUNCTION("""COMPUTED_VALUE"""),"移動はリクライニング車椅子が必要。リクライニング車椅子に座れば1～ 2時間程度は座り続けることができる。 基本動作は全介助となっている。 寝返りが自身で行うことができず、3～4時間に一度体位交換を行う必要がある。") -> 移動はリクライニング車椅子が必要。リクライニング車椅子に座れば1～ 2時間程度は座り続けることができる。 基本動作は全介助となっている。 寝返りが自身で行うことができず、3～4時間に一度体位交換を行う必要がある。 | EH2: =IFERROR(__xludf.DUMMYFUNCTION("""COMPUTED_VALUE"""),"入力") -> 入力 | EI2: =IFERROR(__xludf.DUMMYFUNCTION("""COMPUTED_VALUE"""),"入力") -> 入力 | EJ2: =IFERROR(__xludf.DUMMYFUNCTION("""COMPUTED_VALUE"""),"経口摂取") -> 経口摂取 | EK2: =IFERROR(__xludf.DUMMYFUNCTION("""COMPUTED_VALUE"""),"一部介助") -> 一部介助 | EL2: =IFERROR(__xludf.DUMMYFUNCTION("""COMPUTED_VALUE"""),"見守り等が必要") -> 見守り等が必要 | EM2: =IFERROR(__xludf.DUMMYFUNCTION("""COMPUTED_VALUE"""),"全粥") -> 全粥 | EN2: =IFERROR(__xludf.DUMMYFUNCTION("""COMPUTED_VALUE"""),"ペースト") -> ペースト | EO2: =IFERROR(__xludf.DUMMYFUNCTION("""COMPUTED_VALUE"""),"有") -> 有 | EP2: =IFERROR(__xludf.DUMMYFUNCTION("""COMPUTED_VALUE"""),"有") -> 有 | EQ2: =IFERROR(__xludf.DUMMYFUNCTION("""COMPUTED_VALUE"""),"スプーン , エプロン") -> スプーン , エプロン | ER2: =IFERROR(__xludf.DUMMYFUNCTION("""COMPUTED_VALUE"""),"食事はベッド上ギャッジアップ座位で自己摂取可能。しかし疲労により手が止まるため、その後は介助を行っている。食事中、姿勢が崩れることはないが、食事の支援が必要。食事摂取量は介助すれば8割程度は摂取可能。栄養補助食品のメイバランスと、朝にヨーグルトを食べている。 塩分制限食を食べられており、アレルギーはない。") -> 食事はベッド上ギャッジアップ座位で自己摂取可能。しかし疲労により手が止まるため、その後は介助を行っている。食事中、姿勢が崩れることはないが、食事の支援が必要。食事摂取量は介助すれば8割程度は摂取可能。栄養補助食品のメイバランスと、朝にヨーグルトを食べている。 塩分制限食を食べられており、アレルギーはない。 | ET2: =IFERROR(__xludf.DUMMYFUNCTION("""COMPUTED_VALUE"""),"入力") -> 入力 | EU2: =IFERROR(__xludf.DUMMYFUNCTION("""COMPUTED_VALUE"""),"全介助") -> 全介助 | EW2: =IFERROR(__xludf.DUMMYFUNCTION("""COMPUTED_VALUE"""),"無") -> 無 | EZ2: =IFERROR(__xludf.DUMMYFUNCTION("""COMPUTED_VALUE"""),"歯はすべてないものの、義歯は使用されていない。口腔ケアは口腔スポンジでふき取りを介助している。") -> 歯はすべてないものの、義歯は使用されていない。口腔ケアは口腔スポンジでふき取りを介助している。 | FB2: =IFERROR(__xludf.DUMMYFUNCTION("""COMPUTED_VALUE"""),"入力") -> 入力 | FC2: =IFERROR(__xludf.DUMMYFUNCTION("""COMPUTED_VALUE"""),"全介助") -> 全介助 | FD2: =IFERROR(__xludf.DUMMYFUNCTION("""COMPUTED_VALUE"""),"寝台浴") -> 寝台浴 | FE2: =IFERROR(__xludf.DUMMYFUNCTION("""COMPUTED_VALUE"""),"無") -> 無 | FG2: =IFERROR(__xludf.DUMMYFUNCTION("""COMPUTED_VALUE"""),"全介助") -> 全介助 | FH2: =IFERROR(__xludf.DUMMYFUNCTION("""COMPUTED_VALUE"""),"全介助") -> 全介助 | FI2: =IFERROR(__xludf.DUMMYFUNCTION("""COMPUTED_VALUE"""),"入浴、更衣は全介助となっている。") -> 入浴、更衣は全介助となっている。 | FK2: =IFERROR(__xludf.DUMMYFUNCTION("""COMPUTED_VALUE"""),"入力") -> 入力 | FL2: =IFERROR(__xludf.DUMMYFUNCTION("""COMPUTED_VALUE"""),"全介助") -> 全介助 | FM2: =IFERROR(__xludf.DUMMYFUNCTION("""COMPUTED_VALUE"""),"無") -> 無 | FN2: =IFERROR(__xludf.DUMMYFUNCTION("""COMPUTED_VALUE"""),"無") -> 無 | FO2: =IFERROR(__xludf.DUMMYFUNCTION("""COMPUTED_VALUE"""),"無") -> 無 | FP2: =IFERROR(__xludf.DUMMYFUNCTION("""COMPUTED_VALUE"""),"無") -> 無 | FR2: =IFERROR(__xludf.DUMMYFUNCTION("""COMPUTED_VALUE"""),"オムツ , カテーテル") -> オムツ , カテーテル | FS2: =IFERROR(__xludf.DUMMYFUNCTION("""COMPUTED_VALUE"""),"オムツ , カテーテル") -> オムツ , カテーテル | FT2: =IFERROR(__xludf.DUMMYFUNCTION("""COMPUTED_VALUE"""),"紙おむつ , 大パット") -> 紙おむつ , 大パット | FU2: =IFERROR(__xludf.DUMMYFUNCTION("""COMPUTED_VALUE"""),"排尿はバルーンカテーテルを使用している。 排便はオムツ内に行うため、オムツ交換が必要。") -> 排尿はバルーンカテーテルを使用している。 排便はオムツ内に行うため、オムツ交換が必要。 | FX2: =IFERROR(__xludf.DUMMYFUNCTION("""COMPUTED_VALUE"""),"入力") -> 入力 | FY2: =IFERROR(__xludf.DUMMYFUNCTION("""COMPUTED_VALUE"""),"全介助") -> 全介助 | FZ2: =IFERROR(__xludf.DUMMYFUNCTION("""COMPUTED_VALUE"""),"全介助") -> 全介助 | GA2: =IFERROR(__xludf.DUMMYFUNCTION("""COMPUTED_VALUE"""),"全介助") -> 全介助 | GB2: =IFERROR(__xludf.DUMMYFUNCTION("""COMPUTED_VALUE"""),"全介助") -> 全介助 | GC2: =IFERROR(__xludf.DUMMYFUNCTION("""COMPUTED_VALUE"""),"全介助") -> 全介助 | GD2: =IFERROR(__xludf.DUMMYFUNCTION("""COMPUTED_VALUE"""),"すべて介助が必要。") -> すべて介助が必要。 | GG2: =IFERROR(__xludf.DUMMYFUNCTION("""COMPUTED_VALUE"""),"【榊原温泉病院に入院前から現在までの経過】 元々要介護3で施設に入所していた。 2022年12月16日に発熱があり、三重中央医療センターへ救急搬送。MRSA感染性心内膜炎で抗生剤加療。その後2023年1月26日にCOVID19に感染、低ナトリウム血症等併発したが、2月6日に退院。しかし、翌日2月7日に再度発熱があり三重中央医療センターへ救急搬送。COVID19再感染疑いで再入院。誤嚥性肺炎併発あり抗生剤等で加療。2月18日～再度発熱あり、MRSA菌血症再燃、胆石胆嚢炎疑いで、絶食・抗生剤加療。その後食事再"&"開し介助で摂取可能も低アルブミン血症を認め、また入院の長期化に伴い廃用症候群と発熱を繰り返しており退院は困難な状況。継続加療・療養目的にて2023年4月4日に榊原温泉病院に転院。 6月24日血培やMRSA菌血症が判明しVCM投与で治療し一旦は落ち着いたが、腰痛が持続し8月5日から発熱あり、両側股関節痛や、胸腰椎移行部叩打痛あり、CPR24台で、CTの結果L5椎体内に多房性の低吸収域があり、化膿性脊髄炎や椎体腫瘍の可能性を指摘され8月12日に武内病院へ転院となる。精査の結果、ドレナージ適応無、手術も不可と判"&"断。全身浮腫、低栄養、胸水ありBa挿入8月14日Hb低下あり輸血施行。抗生剤投与での治療継続。8月17日に榊原温泉病院へ戻られた。 榊原温泉病院に戻られた後から現在にかけて状態は落ち着いている。") -> 【榊原温泉病院に入院前から現在までの経過】 元々要介護3で施設に入所していた。 2022年12月16日に発熱があり、三重中央医療センターへ救急搬送。MRSA感染性心内膜炎で抗生剤加療。その後2023年1月26日にCOVID19に感染、低ナトリウム血症等併発したが、2月6日に退院。しかし、翌日2月7日に再度発熱があり三重中央医療センターへ救急搬送。COVID19再感染疑いで再入院。誤嚥性肺炎併発あり抗生剤等で加療。2月18日～再度発熱あり、MRSA菌血症再燃、胆石胆嚢炎疑いで、絶食・抗生剤加療。その後食事再開し介助で摂取可能も低アルブミン血症を認め、また入院の長期化に伴い廃用症候群と発熱を繰り返しており退院は困難な状況。継続加療・療養目的にて2023年4月4日に榊原温泉病院に転院。 6月24日血培やMRSA菌血症が判明しVCM投与で治療し一旦は落ち着いたが、腰痛が持続し8月5日から発熱あり、両側股関節痛や、胸腰椎移行部叩打痛あり、CPR24台で、CTの結果L5椎体内に多房性の低吸収域があり、化膿性脊髄炎や椎体腫瘍の可能性を指摘され8月12日に武内病院へ転院となる。精査の結果、ドレナージ適応無、手術も不可と判断。全身浮腫、低栄養、胸水ありBa挿入8月14日Hb低下あり輸血施行。抗生剤投与での治療継続。8月17日に榊原温泉病院へ戻られた。 榊原温泉病院に戻られた後から現在にかけて状態は落ち着いている。 | GH2: =IFERROR(__xludf.DUMMYFUNCTION("""COMPUTED_VALUE"""),40) -> 40
C3: =IFERROR(__xludf.DUMMYFUNCTION("""COMPUTED_VALUE"""),"山岡 義夫") -> 山岡 義夫 | D3: =IFERROR(__xludf.DUMMYFUNCTION("""COMPUTED_VALUE"""),"98cbe691") -> 98cbe691 | E3: =IFERROR(__xludf.DUMMYFUNCTION("""COMPUTED_VALUE"""),"山川 和輝") -> 山川 和輝 | F3: =IFERROR(__xludf.DUMMYFUNCTION("""COMPUTED_VALUE"""),"や") -> や | G3: =IFERROR(__xludf.DUMMYFUNCTION("""COMPUTED_VALUE"""),"利用者選択｜絞り込み") -> 利用者選択｜絞り込み | I3: =IFERROR(__xludf.DUMMYFUNCTION("""COMPUTED_VALUE"""),45569) -> 45569 | J3: =IFERROR(__xludf.DUMMYFUNCTION("""COMPUTED_VALUE"""),"山川 和輝") -> 山川 和輝 | K3: =IFERROR(__xludf.DUMMYFUNCTION("""COMPUTED_VALUE"""),"新規") -> 新規 | L3: =IFERROR(__xludf.DUMMYFUNCTION("""COMPUTED_VALUE"""),"本人の居室") -> 本人の居室 | M3: =IFERROR(__xludf.DUMMYFUNCTION("""COMPUTED_VALUE"""),"自宅で自立生活を送り仕事にも通っていたが、令和5年11月に脳リンパ腫により三重大学病院に入院。令和6年5月末に退院し、3日間だけ自宅に戻ったが、歩行能力の低下と認知症が見られたため、リハビリ目的にて津生協病院に入院。約1ヶ月入院したところで、肺炎となり再び三重大学病院に入院。主治医より在宅復帰は困難と判断され、令和6年7月20日に安濃津ろまんへ入居となった。") -> 自宅で自立生活を送り仕事にも通っていたが、令和5年11月に脳リンパ腫により三重大学病院に入院。令和6年5月末に退院し、3日間だけ自宅に戻ったが、歩行能力の低下と認知症が見られたため、リハビリ目的にて津生協病院に入院。約1ヶ月入院したところで、肺炎となり再び三重大学病院に入院。主治医より在宅復帰は困難と判断され、令和6年7月20日に安濃津ろまんへ入居となった。 | O3: =IFERROR(__xludf.DUMMYFUNCTION("""COMPUTED_VALUE"""),"もう家で介護はできないので、施設でリハビリを受けて前のように楽に動けるようになってほしいと思っています。") -> もう家で介護はできないので、施設でリハビリを受けて前のように楽に動けるようになってほしいと思っています。 | Q3: =IFERROR(__xludf.DUMMYFUNCTION("""COMPUTED_VALUE"""),"入力") -> 入力 | R3: =IFERROR(__xludf.DUMMYFUNCTION("""COMPUTED_VALUE"""),"要介護３") -> 要介護３ | S3: =IFERROR(__xludf.DUMMYFUNCTION("""COMPUTED_VALUE"""),"令和6年9月3日") -> 令和6年9月3日 | T3: =IFERROR(__xludf.DUMMYFUNCTION("""COMPUTED_VALUE"""),"令和6年8月1日") -> 令和6年8月1日 | U3: =IFERROR(__xludf.DUMMYFUNCTION("""COMPUTED_VALUE"""),"令和7年7月31日") -> 令和7年7月31日 | V3: =IFERROR(__xludf.DUMMYFUNCTION("""COMPUTED_VALUE"""),"１割負担") -> １割負担 | W3: =IFERROR(__xludf.DUMMYFUNCTION("""COMPUTED_VALUE"""),"国民健康保険") -> 国民健康保険 | X3: =IFERROR(__xludf.DUMMYFUNCTION("""COMPUTED_VALUE"""),"無") -> 無 | Z3: =IFERROR(__xludf.DUMMYFUNCTION("""COMPUTED_VALUE"""),"無") -> 無 | AA3: =IFERROR(__xludf.DUMMYFUNCTION("""COMPUTED_VALUE"""),"無") -> 無 | AE3: =IFERROR(__xludf.DUMMYFUNCTION("""COMPUTED_VALUE"""),"入力") -> 入力 | AF3: =IFERROR(__xludf.DUMMYFUNCTION("""COMPUTED_VALUE"""),"山岡 陽子様") -> 山岡 陽子様 | AG3: =IFERROR(__xludf.DUMMYFUNCTION("""COMPUTED_VALUE"""),"妻") -> 妻 | AI3: =IFERROR(__xludf.DUMMYFUNCTION("""COMPUTED_VALUE"""),"別居") -> 別居 | AJ3: =IFERROR(__xludf.DUMMYFUNCTION("""COMPUTED_VALUE"""),"介護する") -> 介護する | AK3: =IFERROR(__xludf.DUMMYFUNCTION("""COMPUTED_VALUE"""),"有") -> 有 | AL3: =IFERROR(__xludf.DUMMYFUNCTION("""COMPUTED_VALUE"""),"090-7679-9851") -> 090-7679-9851 | AM3: =IFERROR(__xludf.DUMMYFUNCTION("""COMPUTED_VALUE"""),"KP") -> KP | AW3: =IFERROR(__xludf.DUMMYFUNCTION("""COMPUTED_VALUE"""),"入力") -> 入力 | AX3: =IFERROR(__xludf.DUMMYFUNCTION("""COMPUTED_VALUE"""),"家族同居") -> 家族同居 | AY3: =IFERROR(__xludf.DUMMYFUNCTION("""COMPUTED_VALUE"""),"一戸建て") -> 一戸建て | AZ3: =IFERROR(__xludf.DUMMYFUNCTION("""COMPUTED_VALUE"""),"エレベーター有") -> エレベーター有 | BA3: =IFERROR(__xludf.DUMMYFUNCTION("""COMPUTED_VALUE"""),"所有") -> 所有 | BB3: =IFERROR(__xludf.DUMMYFUNCTION("""COMPUTED_VALUE"""),"有") -> 有 | BC3: =IFERROR(__xludf.DUMMYFUNCTION("""COMPUTED_VALUE"""),"有") -> 有 | BD3: =IFERROR(__xludf.DUMMYFUNCTION("""COMPUTED_VALUE"""),"洋式") -> 洋式 | BG3: =IFERROR(__xludf.DUMMYFUNCTION("""COMPUTED_VALUE"""),"有") -> 有 | BH3: =IFERROR(__xludf.DUMMYFUNCTION("""COMPUTED_VALUE"""),"手すり無") -> 手すり無 | BI3: =IFERROR(__xludf.DUMMYFUNCTION("""COMPUTED_VALUE"""),"ベッド") -> ベッド | BJ3: =IFERROR(__xludf.DUMMYFUNCTION("""COMPUTED_VALUE"""),"無") -> 無 | BK3: =IFERROR(__xludf.DUMMYFUNCTION("""COMPUTED_VALUE"""),"無") -> 無 | BL3: =IFERROR(__xludf.DUMMYFUNCTION("""COMPUTED_VALUE"""),"無") -> 無 | BO3: =IFERROR(__xludf.DUMMYFUNCTION("""COMPUTED_VALUE"""),"入力") -> 入力 | BP3: =IFERROR(__xludf.DUMMYFUNCTION("""COMPUTED_VALUE"""),"訪問介護 , 訪問看護 , 通所介護") -> 訪問介護 , 訪問看護 , 通所介護 | BQ3: =IFERROR(__xludf.DUMMYFUNCTION("""COMPUTED_VALUE"""),"車いす , 特殊寝台 , 特殊寝台付属品 , 手すり") -> 車いす , 特殊寝台 , 特殊寝台付属品 , 手すり | BS3: =IFERROR(__xludf.DUMMYFUNCTION("""COMPUTED_VALUE"""),"食事支援 , 排泄支援 , リネンリース , 洗濯 , 喀痰吸引") -> 食事支援 , 排泄支援 , リネンリース , 洗濯 , 喀痰吸引 | BT3: =IFERROR(__xludf.DUMMYFUNCTION("""COMPUTED_VALUE"""),"デイサービス等大人数のところは積極的にはいかない。") -> デイサービス等大人数のところは積極的にはいかない。 | BW3: =IFERROR(__xludf.DUMMYFUNCTION("""COMPUTED_VALUE"""),"入力") -> 入力 | BX3: =IFERROR(__xludf.DUMMYFUNCTION("""COMPUTED_VALUE"""),"誤嚥性肺炎") -> 誤嚥性肺炎 | BY3: =IFERROR(__xludf.DUMMYFUNCTION("""COMPUTED_VALUE"""),"令和6年7月5日") -> 令和6年7月5日 | BZ3: =IFERROR(__xludf.DUMMYFUNCTION("""COMPUTED_VALUE"""),"脳リンパ腫") -> 脳リンパ腫 | CA3: =IFERROR(__xludf.DUMMYFUNCTION("""COMPUTED_VALUE"""),"令和5年11月頃") -> 令和5年11月頃 | CJ3: =IFERROR(__xludf.DUMMYFUNCTION("""COMPUTED_VALUE"""),"発熱があれば武内病院を受診することとなっている。武内病院 血液内科 塚田先生") -> 発熱があれば武内病院を受診することとなっている。武内病院 血液内科 塚田先生 | CS3: =IFERROR(__xludf.DUMMYFUNCTION("""COMPUTED_VALUE"""),"既往にリウマチや腸閉塞（手術済み）があるが現在は特に問題なし。") -> 既往にリウマチや腸閉塞（手術済み）があるが現在は特に問題なし。 | CT3: =IFERROR(__xludf.DUMMYFUNCTION("""COMPUTED_VALUE"""),"服薬管理は看護師が行っている。 退院後は、ローレル薬局を契約。 袋を手渡しすることで、ご自身で袋を開封して内服できる。") -> 服薬管理は看護師が行っている。 退院後は、ローレル薬局を契約。 袋を手渡しすることで、ご自身で袋を開封して内服できる。 | CX3: =IFERROR(__xludf.DUMMYFUNCTION("""COMPUTED_VALUE"""),"入力") -> 入力 | CY3: =IFERROR(__xludf.DUMMYFUNCTION("""COMPUTED_VALUE"""),"無") -> 無 | CZ3: =IFERROR(__xludf.DUMMYFUNCTION("""COMPUTED_VALUE"""),"無") -> 無 | DA3: =IFERROR(__xludf.DUMMYFUNCTION("""COMPUTED_VALUE"""),"無") -> 無 | DB3: =IFERROR(__xludf.DUMMYFUNCTION("""COMPUTED_VALUE"""),"右上肢、右下肢") -> 右上肢、右下肢 | DC3: =IFERROR(__xludf.DUMMYFUNCTION("""COMPUTED_VALUE"""),"無") -> 無 | DD3: =IFERROR(__xludf.DUMMYFUNCTION("""COMPUTED_VALUE"""),0) -> 0 | DE3: =IFERROR(__xludf.DUMMYFUNCTION("""COMPUTED_VALUE"""),0) -> 0 | DF3: =IFERROR(__xludf.DUMMYFUNCTION("""COMPUTED_VALUE"""),"大きい字は可") -> 大きい字は可 | DG3: =IFERROR(__xludf.DUMMYFUNCTION("""COMPUTED_VALUE"""),"有") -> 有 | DH3: =IFERROR(__xludf.DUMMYFUNCTION("""COMPUTED_VALUE"""),"大きい声は可") -> 大きい声は可 | DI3: =IFERROR(__xludf.DUMMYFUNCTION("""COMPUTED_VALUE"""),"有") -> 有 | DJ3: =IFERROR(__xludf.DUMMYFUNCTION("""COMPUTED_VALUE"""),"脳リンパ腫の影響で右半身麻痺及び軽度の失語症が見られる。視力は大きな問題はないものの、難聴があり大きな声で話す必要がある。 痰が多く、常にゴロゴロしている状況であり、ご自身で排痰を行うことができないものの、吸引はやや拒否がある。 ここ最近、痰の量が増えており、吸引の拒否も少なくなっている。") -> 脳リンパ腫の影響で右半身麻痺及び軽度の失語症が見られる。視力は大きな問題はないものの、難聴があり大きな声で話す必要がある。 痰が多く、常にゴロゴロしている状況であり、ご自身で排痰を行うことができないものの、吸引はやや拒否がある。 ここ最近、痰の量が増えており、吸引の拒否も少なくなっている。 | DL3: =IFERROR(__xludf.DUMMYFUNCTION("""COMPUTED_VALUE"""),"入力") -> 入力 | DM3: =IFERROR(__xludf.DUMMYFUNCTION("""COMPUTED_VALUE"""),"有") -> 有 | DN3: =IFERROR(__xludf.DUMMYFUNCTION("""COMPUTED_VALUE"""),"軽度") -> 軽度 | DO3: =IFERROR(__xludf.DUMMYFUNCTION("""COMPUTED_VALUE"""),"無") -> 無 | DP3: =IFERROR(__xludf.DUMMYFUNCTION("""COMPUTED_VALUE"""),"やや不自由") -> やや不自由 | DQ3: =IFERROR(__xludf.DUMMYFUNCTION("""COMPUTED_VALUE"""),"やや不自由") -> やや不自由 | DR3: =IFERROR(__xludf.DUMMYFUNCTION("""COMPUTED_VALUE"""),"失語症があり認知機能の精査は困難。") -> 失語症があり認知機能の精査は困難。 | DU3: =IFERROR(__xludf.DUMMYFUNCTION("""COMPUTED_VALUE"""),"入力") -> 入力 | DV3: =IFERROR(__xludf.DUMMYFUNCTION("""COMPUTED_VALUE"""),"何かにつかまればできる") -> 何かにつかまればできる | DW3: =IFERROR(__xludf.DUMMYFUNCTION("""COMPUTED_VALUE"""),"何かにつかまればできる") -> 何かにつかまればできる | DX3: =IFERROR(__xludf.DUMMYFUNCTION("""COMPUTED_VALUE"""),"自分の手で支えればできる") -> 自分の手で支えればできる | DY3: =IFERROR(__xludf.DUMMYFUNCTION("""COMPUTED_VALUE"""),"何かにつかまればできる") -> 何かにつかまればできる | DZ3: =IFERROR(__xludf.DUMMYFUNCTION("""COMPUTED_VALUE"""),"何か支えがあればできる") -> 何か支えがあればできる | EA3: =IFERROR(__xludf.DUMMYFUNCTION("""COMPUTED_VALUE"""),"見守り") -> 見守り | EB3: =IFERROR(__xludf.DUMMYFUNCTION("""COMPUTED_VALUE"""),"見守り") -> 見守り | EC3: =IFERROR(__xludf.DUMMYFUNCTION("""COMPUTED_VALUE"""),"独歩") -> 独歩 | ED3: =IFERROR(__xludf.DUMMYFUNCTION("""COMPUTED_VALUE"""),"一部介助") -> 一部介助 | EE3: =IFERROR(__xludf.DUMMYFUNCTION("""COMPUTED_VALUE"""),"車椅子") -> 車椅子 | EF3: =IFERROR(__xludf.DUMMYFUNCTION("""COMPUTED_VALUE"""),"基本動作はご自身で行うことが可能。ベッドからトイレまでは手すりを設置しており、不安定ではあるもののご自身で移動できている。 長距離の移動は車いすを使用。現在訪問リハビリを受けており歩行器での歩行訓練を行っている。") -> 基本動作はご自身で行うことが可能。ベッドからトイレまでは手すりを設置しており、不安定ではあるもののご自身で移動できている。 長距離の移動は車いすを使用。現在訪問リハビリを受けており歩行器での歩行訓練を行っている。 | EH3: =IFERROR(__xludf.DUMMYFUNCTION("""COMPUTED_VALUE"""),"入力") -> 入力 | EI3: =IFERROR(__xludf.DUMMYFUNCTION("""COMPUTED_VALUE"""),"入力") -> 入力 | EJ3: =IFERROR(__xludf.DUMMYFUNCTION("""COMPUTED_VALUE"""),"経口摂取") -> 経口摂取 | EK3: =IFERROR(__xludf.DUMMYFUNCTION("""COMPUTED_VALUE"""),"自立") -> 自立 | EL3: =IFERROR(__xludf.DUMMYFUNCTION("""COMPUTED_VALUE"""),"見守り等が必要") -> 見守り等が必要 | EM3: =IFERROR(__xludf.DUMMYFUNCTION("""COMPUTED_VALUE"""),"ペースト") -> ペースト | EN3: =IFERROR(__xludf.DUMMYFUNCTION("""COMPUTED_VALUE"""),"ペースト") -> ペースト | EO3: =IFERROR(__xludf.DUMMYFUNCTION("""COMPUTED_VALUE"""),"有") -> 有 | EP3: =IFERROR(__xludf.DUMMYFUNCTION("""COMPUTED_VALUE"""),"有") -> 有 | EQ3: =IFERROR(__xludf.DUMMYFUNCTION("""COMPUTED_VALUE"""),"スプーン") -> スプーン | ER3: =IFERROR(__xludf.DUMMYFUNCTION("""COMPUTED_VALUE"""),"食事制限があり、ナッツ類とブルーチーズは禁止。 ここ最近は、痰量の増加に伴い嚥下機能の低下があり食事の前後で痰の吸引を行う必要がある。ご自身で摂取することは可能。 加藤先生から絶食の指示が出たが、ご家族様の強い希望で食事を食べてほしいという理由から、食事形態を落として食事して頂いている。") -> 食事制限があり、ナッツ類とブルーチーズは禁止。 ここ最近は、痰量の増加に伴い嚥下機能の低下があり食事の前後で痰の吸引を行う必要がある。ご自身で摂取することは可能。 加藤先生から絶食の指示が出たが、ご家族様の強い希望で食事を食べてほしいという理由から、食事形態を落として食事して頂いている。 | ET3: =IFERROR(__xludf.DUMMYFUNCTION("""COMPUTED_VALUE"""),"入力") -> 入力 | EU3: =IFERROR(__xludf.DUMMYFUNCTION("""COMPUTED_VALUE"""),"見守り") -> 見守り | EW3: =IFERROR(__xludf.DUMMYFUNCTION("""COMPUTED_VALUE"""),"無") -> 無 | EZ3: =IFERROR(__xludf.DUMMYFUNCTION("""COMPUTED_VALUE"""),"促しが必要であるが、洗面所で口腔ケアが可能。 訪問リハビリSTより、誤嚥性肺炎を防ぐためにも口腔ケアはきちんと行ったほうがよいと助言有。") -> 促しが必要であるが、洗面所で口腔ケアが可能。 訪問リハビリSTより、誤嚥性肺炎を防ぐためにも口腔ケアはきちんと行ったほうがよいと助言有。 | FB3: =IFERROR(__xludf.DUMMYFUNCTION("""COMPUTED_VALUE"""),"入力") -> 入力 | FC3: =IFERROR(__xludf.DUMMYFUNCTION("""COMPUTED_VALUE"""),"一部介助") -> 一部介助 | FD3: =IFERROR(__xludf.DUMMYFUNCTION("""COMPUTED_VALUE"""),"一般浴") -> 一般浴 | FE3: =IFERROR(__xludf.DUMMYFUNCTION("""COMPUTED_VALUE"""),"無") -> 無 | FG3: =IFERROR(__xludf.DUMMYFUNCTION("""COMPUTED_VALUE"""),"一部介助") -> 一部介助 | FH3: =IFERROR(__xludf.DUMMYFUNCTION("""COMPUTED_VALUE"""),"一部介助") -> 一部介助 | FI3: =IFERROR(__xludf.DUMMYFUNCTION("""COMPUTED_VALUE"""),"入浴の拒否があり、現在はご家族様が入浴時間に付き添って促して頂いている。") -> 入浴の拒否があり、現在はご家族様が入浴時間に付き添って促して頂いている。 | FK3: =IFERROR(__xludf.DUMMYFUNCTION("""COMPUTED_VALUE"""),"入力") -> 入力 | FL3: =IFERROR(__xludf.DUMMYFUNCTION("""COMPUTED_VALUE"""),"自立") -> 自立 | FM3: =IFERROR(__xludf.DUMMYFUNCTION("""COMPUTED_VALUE"""),"有") -> 有 | FN3: =IFERROR(__xludf.DUMMYFUNCTION("""COMPUTED_VALUE"""),"有") -> 有 | FO3: =IFERROR(__xludf.DUMMYFUNCTION("""COMPUTED_VALUE"""),"有") -> 有 | FP3: =IFERROR(__xludf.DUMMYFUNCTION("""COMPUTED_VALUE"""),"有") -> 有 | FQ3: =IFERROR(__xludf.DUMMYFUNCTION("""COMPUTED_VALUE"""),"軟便") -> 軟便 | FR3: =IFERROR(__xludf.DUMMYFUNCTION("""COMPUTED_VALUE"""),"トイレ") -> トイレ | FS3: =IFERROR(__xludf.DUMMYFUNCTION("""COMPUTED_VALUE"""),"トイレ") -> トイレ | FT3: =IFERROR(__xludf.DUMMYFUNCTION("""COMPUTED_VALUE"""),"リハビリパンツ , 小パット") -> リハビリパンツ , 小パット | FU3: =IFERROR(__xludf.DUMMYFUNCTION("""COMPUTED_VALUE"""),"排泄はご自身で可能。失禁があるがご自身で交換は可能だが、汚物処理は不可能。") -> 排泄はご自身で可能。失禁があるがご自身で交換は可能だが、汚物処理は不可能。 | FX3: =IFERROR(__xludf.DUMMYFUNCTION("""COMPUTED_VALUE"""),"入力") -> 入力 | FY3: =IFERROR(__xludf.DUMMYFUNCTION("""COMPUTED_VALUE"""),"全介助") -> 全介助 | FZ3: =IFERROR(__xludf.DUMMYFUNCTION("""COMPUTED_VALUE"""),"全介助") -> 全介助 | GA3: =IFERROR(__xludf.DUMMYFUNCTION("""COMPUTED_VALUE"""),"全介助") -> 全介助 | GB3: =IFERROR(__xludf.DUMMYFUNCTION("""COMPUTED_VALUE"""),"全介助") -> 全介助 | GC3: =IFERROR(__xludf.DUMMYFUNCTION("""COMPUTED_VALUE"""),"全介助") -> 全介助 | GD3: =IFERROR(__xludf.DUMMYFUNCTION("""COMPUTED_VALUE"""),"施設内のサービスを利用。") -> 施設内のサービスを利用。 | GG3: =IFERROR(__xludf.DUMMYFUNCTION("""COMPUTED_VALUE"""),"食事前後の痰吸引のため毎食訪問看護の支援が必要な状況であるが、自己負担額が高額になることに不安があるものの、３食ご飯を食べてほしい。等矛盾な発言も見られる。ご家族様は全く悪い方ではありませんが、特に料金面で細かい性格をしているため、都度説明を要す場面も多い。") -> 食事前後の痰吸引のため毎食訪問看護の支援が必要な状況であるが、自己負担額が高額になることに不安があるものの、３食ご飯を食べてほしい。等矛盾な発言も見られる。ご家族様は全く悪い方ではありませんが、特に料金面で細かい性格をしているため、都度説明を要す場面も多い。 | GH3: =IFERROR(__xludf.DUMMYFUNCTION("""COMPUTED_VALUE"""),30) -> 30
C4: =IFERROR(__xludf.DUMMYFUNCTION("""COMPUTED_VALUE"""),"樋口 智子") -> 樋口 智子 | D4: =IFERROR(__xludf.DUMMYFUNCTION("""COMPUTED_VALUE"""),"2010031305") -> 2010031305 | I4: =IFERROR(__xludf.DUMMYFUNCTION("""COMPUTED_VALUE"""),45474) -> 45474 | J4: =IFERROR(__xludf.DUMMYFUNCTION("""COMPUTED_VALUE"""),"山川 和輝") -> 山川 和輝 | K4: =IFERROR(__xludf.DUMMYFUNCTION("""COMPUTED_VALUE"""),"更新") -> 更新 | L4: =IFERROR(__xludf.DUMMYFUNCTION("""COMPUTED_VALUE"""),"本人の居室") -> 本人の居室 | M4: =IFERROR(__xludf.DUMMYFUNCTION("""COMPUTED_VALUE"""),"平成28年8月28日にサービス付き高齢者向け住宅 安濃津ろまんに入居される。") -> 平成28年8月28日にサービス付き高齢者向け住宅 安濃津ろまんに入居される。 | N4: =IFERROR(__xludf.DUMMYFUNCTION("""COMPUTED_VALUE"""),"ここで安定した生活を送らせてもらってます。動けるようになってきたので嬉しいです。") -> ここで安定した生活を送らせてもらってます。動けるようになってきたので嬉しいです。 | O4: =IFERROR(__xludf.DUMMYFUNCTION("""COMPUTED_VALUE"""),"転倒や怪我をしないように気をつけて、安全に生活を続けてほしいと思っています。") -> 転倒や怪我をしないように気をつけて、安全に生活を続けてほしいと思っています。 | Q4: =IFERROR(__xludf.DUMMYFUNCTION("""COMPUTED_VALUE"""),"入力") -> 入力 | R4: =IFERROR(__xludf.DUMMYFUNCTION("""COMPUTED_VALUE"""),"要介護１") -> 要介護１ | S4: =IFERROR(__xludf.DUMMYFUNCTION("""COMPUTED_VALUE"""),"令和6年7月16日") -> 令和6年7月16日 | T4: =IFERROR(__xludf.DUMMYFUNCTION("""COMPUTED_VALUE"""),"令和6年8月1日") -> 令和6年8月1日 | U4: =IFERROR(__xludf.DUMMYFUNCTION("""COMPUTED_VALUE"""),"令和9年7月31日") -> 令和9年7月31日 | V4: =IFERROR(__xludf.DUMMYFUNCTION("""COMPUTED_VALUE"""),"１割負担") -> １割負担 | W4: =IFERROR(__xludf.DUMMYFUNCTION("""COMPUTED_VALUE"""),"後期高齢者医療保険") -> 後期高齢者医療保険 | X4: =IFERROR(__xludf.DUMMYFUNCTION("""COMPUTED_VALUE"""),"無") -> 無 | Z4: =IFERROR(__xludf.DUMMYFUNCTION("""COMPUTED_VALUE"""),"無") -> 無 | AA4: =IFERROR(__xludf.DUMMYFUNCTION("""COMPUTED_VALUE"""),"無") -> 無 | AB4: =IFERROR(__xludf.DUMMYFUNCTION("""COMPUTED_VALUE"""),"A2") -> A2 | AC4: =IFERROR(__xludf.DUMMYFUNCTION("""COMPUTED_VALUE"""),"Ⅱa") -> Ⅱa | AE4: =IFERROR(__xludf.DUMMYFUNCTION("""COMPUTED_VALUE"""),"入力") -> 入力 | AF4: =IFERROR(__xludf.DUMMYFUNCTION("""COMPUTED_VALUE"""),"山川 康子") -> 山川 康子 | AG4: =IFERROR(__xludf.DUMMYFUNCTION("""COMPUTED_VALUE"""),"長女") -> 長女 | AI4: =IFERROR(__xludf.DUMMYFUNCTION("""COMPUTED_VALUE"""),"別居") -> 別居 | AJ4: =IFERROR(__xludf.DUMMYFUNCTION("""COMPUTED_VALUE"""),"介護する") -> 介護する | AL4: =IFERROR(__xludf.DUMMYFUNCTION("""COMPUTED_VALUE"""),"090-8866-0346") -> 090-8866-0346 | AM4: =IFERROR(__xludf.DUMMYFUNCTION("""COMPUTED_VALUE"""),"KP") -> KP | AN4: =IFERROR(__xludf.DUMMYFUNCTION("""COMPUTED_VALUE"""),"樋口 徹") -> 樋口 徹 | AO4: =IFERROR(__xludf.DUMMYFUNCTION("""COMPUTED_VALUE"""),"長男") -> 長男 | AQ4: =IFERROR(__xludf.DUMMYFUNCTION("""COMPUTED_VALUE"""),"別居") -> 別居 | AR4: =IFERROR(__xludf.DUMMYFUNCTION("""COMPUTED_VALUE"""),"介護しない") -> 介護しない | AT4: =IFERROR(__xludf.DUMMYFUNCTION("""COMPUTED_VALUE"""),"059-246-8900") -> 059-246-8900 | AW4: =IFERROR(__xludf.DUMMYFUNCTION("""COMPUTED_VALUE"""),"入力") -> 入力 | AX4: =IFERROR(__xludf.DUMMYFUNCTION("""COMPUTED_VALUE"""),"一人暮らし") -> 一人暮らし | AY4: =IFERROR(__xludf.DUMMYFUNCTION("""COMPUTED_VALUE"""),"集合住宅") -> 集合住宅 | AZ4: =IFERROR(__xludf.DUMMYFUNCTION("""COMPUTED_VALUE"""),"エレベーター有") -> エレベーター有 | BA4: =IFERROR(__xludf.DUMMYFUNCTION("""COMPUTED_VALUE"""),"賃貸") -> 賃貸 | BB4: =IFERROR(__xludf.DUMMYFUNCTION("""COMPUTED_VALUE"""),"有") -> 有 | BC4: =IFERROR(__xludf.DUMMYFUNCTION("""COMPUTED_VALUE"""),"有") -> 有 | BD4: =IFERROR(__xludf.DUMMYFUNCTION("""COMPUTED_VALUE"""),"ウォシュレット") -> ウォシュレット | BG4: =IFERROR(__xludf.DUMMYFUNCTION("""COMPUTED_VALUE"""),"無") -> 無 | BI4: =IFERROR(__xludf.DUMMYFUNCTION("""COMPUTED_VALUE"""),"リクライニングベッド") -> リクライニングベッド | BJ4: =IFERROR(__xludf.DUMMYFUNCTION("""COMPUTED_VALUE"""),"無") -> 無 | BK4: =IFERROR(__xludf.DUMMYFUNCTION("""COMPUTED_VALUE"""),"無") -> 無 | BL4: =IFERROR(__xludf.DUMMYFUNCTION("""COMPUTED_VALUE"""),"無") -> 無 | BO4: =IFERROR(__xludf.DUMMYFUNCTION("""COMPUTED_VALUE"""),"入力") -> 入力 | BP4: =IFERROR(__xludf.DUMMYFUNCTION("""COMPUTED_VALUE"""),"訪問介護 , 訪問看護") -> 訪問介護 , 訪問看護 | BQ4: =IFERROR(__xludf.DUMMYFUNCTION("""COMPUTED_VALUE"""),"車いす") -> 車いす | BR4: =IFERROR(__xludf.DUMMYFUNCTION("""COMPUTED_VALUE"""),"福祉用具（特殊寝台）自費貸与") -> 福祉用具（特殊寝台）自費貸与 | BS4: =IFERROR(__xludf.DUMMYFUNCTION("""COMPUTED_VALUE"""),"食事支援 , リネンリース , 洗濯") -> 食事支援 , リネンリース , 洗濯 | BT4: =IFERROR(__xludf.DUMMYFUNCTION("""COMPUTED_VALUE"""),"食事中にホールにて他の利用者とお話しされている様子はあるが、基本居室に引きこもった生活となっている。") -> 食事中にホールにて他の利用者とお話しされている様子はあるが、基本居室に引きこもった生活となっている。 | BW4: =IFERROR(__xludf.DUMMYFUNCTION("""COMPUTED_VALUE"""),"入力") -> 入力 | BX4: =IFERROR(__xludf.DUMMYFUNCTION("""COMPUTED_VALUE"""),"逆流性食道炎") -> 逆流性食道炎 | BY4: =IFERROR(__xludf.DUMMYFUNCTION("""COMPUTED_VALUE"""),"平成22年2月5日") -> 平成22年2月5日 | BZ4: =IFERROR(__xludf.DUMMYFUNCTION("""COMPUTED_VALUE"""),"慢性胃炎") -> 慢性胃炎 | CA4: =IFERROR(__xludf.DUMMYFUNCTION("""COMPUTED_VALUE"""),"平成22年2月5日") -> 平成22年2月5日 | CB4: =IFERROR(__xludf.DUMMYFUNCTION("""COMPUTED_VALUE"""),"抑うつ神経症") -> 抑うつ神経症 | CC4: =IFERROR(__xludf.DUMMYFUNCTION("""COMPUTED_VALUE"""),"平成19年6月25日") -> 平成19年6月25日 | CD4: =IFERROR(__xludf.DUMMYFUNCTION("""COMPUTED_VALUE"""),"高血圧症") -> 高血圧症 | CE4: =IFERROR(__xludf.DUMMYFUNCTION("""COMPUTED_VALUE"""),"平成14年2月19日") -> 平成14年2月19日 | CJ4: =IFERROR(__xludf.DUMMYFUNCTION("""COMPUTED_VALUE"""),"現在は往診を受けており、通院は行っていない。") -> 現在は往診を受けており、通院は行っていない。 | CS4: =IFERROR(__xludf.DUMMYFUNCTION("""COMPUTED_VALUE"""),"特に大きな病気は見られていない。") -> 特に大きな病気は見られていない。 | CT4: =IFERROR(__xludf.DUMMYFUNCTION("""COMPUTED_VALUE"""),"高血圧症等を服薬されている。ローレル薬局と看護師で服薬を管理して毎食時に袋を提供すると自身で開けて飲まれる。") -> 高血圧症等を服薬されている。ローレル薬局と看護師で服薬を管理して毎食時に袋を提供すると自身で開けて飲まれる。 | CX4: =IFERROR(__xludf.DUMMYFUNCTION("""COMPUTED_VALUE"""),"入力") -> 入力 | CY4: =IFERROR(__xludf.DUMMYFUNCTION("""COMPUTED_VALUE"""),"無") -> 無 | CZ4: =IFERROR(__xludf.DUMMYFUNCTION("""COMPUTED_VALUE"""),"無") -> 無 | DA4: =IFERROR(__xludf.DUMMYFUNCTION("""COMPUTED_VALUE"""),"無") -> 無 | DB4: =IFERROR(__xludf.DUMMYFUNCTION("""COMPUTED_VALUE"""),"無") -> 無 | DC4: =IFERROR(__xludf.DUMMYFUNCTION("""COMPUTED_VALUE"""),"無") -> 無 | DF4: =IFERROR(__xludf.DUMMYFUNCTION("""COMPUTED_VALUE"""),"正常") -> 正常 | DH4: =IFERROR(__xludf.DUMMYFUNCTION("""COMPUTED_VALUE"""),"正常") -> 正常 | DJ4: =IFERROR(__xludf.DUMMYFUNCTION("""COMPUTED_VALUE"""),"特に大きな問題はなし。") -> 特に大きな問題はなし。 | DL4: =IFERROR(__xludf.DUMMYFUNCTION("""COMPUTED_VALUE"""),"入力") -> 入力 | DM4: =IFERROR(__xludf.DUMMYFUNCTION("""COMPUTED_VALUE"""),"無") -> 無 | DO4: =IFERROR(__xludf.DUMMYFUNCTION("""COMPUTED_VALUE"""),"無") -> 無 | DP4: =IFERROR(__xludf.DUMMYFUNCTION("""COMPUTED_VALUE"""),"可能") -> 可能 | DQ4: =IFERROR(__xludf.DUMMYFUNCTION("""COMPUTED_VALUE"""),"可能") -> 可能 | DR4: =IFERROR(__xludf.DUMMYFUNCTION("""COMPUTED_VALUE"""),"年相応の物忘れはあるものの、特に日常生活に支障が出るほどではない。") -> 年相応の物忘れはあるものの、特に日常生活に支障が出るほどではない。 | DU4: =IFERROR(__xludf.DUMMYFUNCTION("""COMPUTED_VALUE"""),"入力") -> 入力 | DV4: =IFERROR(__xludf.DUMMYFUNCTION("""COMPUTED_VALUE"""),"何かにつかまればできる") -> 何かにつかまればできる | DW4: =IFERROR(__xludf.DUMMYFUNCTION("""COMPUTED_VALUE"""),"何かにつかまればできる") -> 何かにつかまればできる | DX4: =IFERROR(__xludf.DUMMYFUNCTION("""COMPUTED_VALUE"""),"自分の手で支えればできる") -> 自分の手で支えればできる | DY4: =IFERROR(__xludf.DUMMYFUNCTION("""COMPUTED_VALUE"""),"何かにつかまればできる") -> 何かにつかまればできる | DZ4: =IFERROR(__xludf.DUMMYFUNCTION("""COMPUTED_VALUE"""),"何か支えがあればできる") -> 何か支えがあればできる | EA4: =IFERROR(__xludf.DUMMYFUNCTION("""COMPUTED_VALUE"""),"自立") -> 自立 | EB4: =IFERROR(__xludf.DUMMYFUNCTION("""COMPUTED_VALUE"""),"自立") -> 自立 | EC4: =IFERROR(__xludf.DUMMYFUNCTION("""COMPUTED_VALUE"""),"独歩") -> 独歩 | ED4: =IFERROR(__xludf.DUMMYFUNCTION("""COMPUTED_VALUE"""),"全介助") -> 全介助 | EE4: =IFERROR(__xludf.DUMMYFUNCTION("""COMPUTED_VALUE"""),"車椅子") -> 車椅子 | EF4: =IFERROR(__xludf.DUMMYFUNCTION("""COMPUTED_VALUE"""),"居室内の移動は独歩、伝い歩行で移動。円背が強くあり転倒のリスクはある。居室外は車いすを使用している。") -> 居室内の移動は独歩、伝い歩行で移動。円背が強くあり転倒のリスクはある。居室外は車いすを使用している。 | EH4: =IFERROR(__xludf.DUMMYFUNCTION("""COMPUTED_VALUE"""),"入力") -> 入力 | EI4: =IFERROR(__xludf.DUMMYFUNCTION("""COMPUTED_VALUE"""),"入力") -> 入力 | EJ4: =IFERROR(__xludf.DUMMYFUNCTION("""COMPUTED_VALUE"""),"経口摂取") -> 経口摂取 | EK4: =IFERROR(__xludf.DUMMYFUNCTION("""COMPUTED_VALUE"""),"自立") -> 自立 | EL4: =IFERROR(__xludf.DUMMYFUNCTION("""COMPUTED_VALUE"""),"できる") -> できる | EM4: =IFERROR(__xludf.DUMMYFUNCTION("""COMPUTED_VALUE"""),"普通") -> 普通 | EN4: =IFERROR(__xludf.DUMMYFUNCTION("""COMPUTED_VALUE"""),"普通") -> 普通 | EO4: =IFERROR(__xludf.DUMMYFUNCTION("""COMPUTED_VALUE"""),"無") -> 無 | EP4: =IFERROR(__xludf.DUMMYFUNCTION("""COMPUTED_VALUE"""),"無") -> 無 | EQ4: =IFERROR(__xludf.DUMMYFUNCTION("""COMPUTED_VALUE"""),"箸 , スプーン") -> 箸 , スプーン | ER4: =IFERROR(__xludf.DUMMYFUNCTION("""COMPUTED_VALUE"""),"特に問題なし。") -> 特に問題なし。 | ET4: =IFERROR(__xludf.DUMMYFUNCTION("""COMPUTED_VALUE"""),"入力") -> 入力 | EU4: =IFERROR(__xludf.DUMMYFUNCTION("""COMPUTED_VALUE"""),"自立") -> 自立 | EW4: =IFERROR(__xludf.DUMMYFUNCTION("""COMPUTED_VALUE"""),"有") -> 有 | EZ4: =IFERROR(__xludf.DUMMYFUNCTION("""COMPUTED_VALUE"""),"義歯は不明。") -> 義歯は不明。 | FB4: =IFERROR(__xludf.DUMMYFUNCTION("""COMPUTED_VALUE"""),"入力") -> 入力 | FC4: =IFERROR(__xludf.DUMMYFUNCTION("""COMPUTED_VALUE"""),"一部介助") -> 一部介助 | FD4: =IFERROR(__xludf.DUMMYFUNCTION("""COMPUTED_VALUE"""),"一般浴") -> 一般浴 | FE4: =IFERROR(__xludf.DUMMYFUNCTION("""COMPUTED_VALUE"""),"無") -> 無 | FG4: =IFERROR(__xludf.DUMMYFUNCTION("""COMPUTED_VALUE"""),"見守り") -> 見守り | FH4: =IFERROR(__xludf.DUMMYFUNCTION("""COMPUTED_VALUE"""),"見守り") -> 見守り | FI4: =IFERROR(__xludf.DUMMYFUNCTION("""COMPUTED_VALUE"""),"入浴はヘルパーステーションで行っている。") -> 入浴はヘルパーステーションで行っている。 | FK4: =IFERROR(__xludf.DUMMYFUNCTION("""COMPUTED_VALUE"""),"入力") -> 入力 | FL4: =IFERROR(__xludf.DUMMYFUNCTION("""COMPUTED_VALUE"""),"自立") -> 自立 | FM4: =IFERROR(__xludf.DUMMYFUNCTION("""COMPUTED_VALUE"""),"有") -> 有 | FN4: =IFERROR(__xludf.DUMMYFUNCTION("""COMPUTED_VALUE"""),"無") -> 無 | FO4: =IFERROR(__xludf.DUMMYFUNCTION("""COMPUTED_VALUE"""),"有") -> 有 | FP4: =IFERROR(__xludf.DUMMYFUNCTION("""COMPUTED_VALUE"""),"無") -> 無 | FQ4: =IFERROR(__xludf.DUMMYFUNCTION("""COMPUTED_VALUE"""),"普通便") -> 普通便 | FR4: =IFERROR(__xludf.DUMMYFUNCTION("""COMPUTED_VALUE"""),"トイレ") -> トイレ | FS4: =IFERROR(__xludf.DUMMYFUNCTION("""COMPUTED_VALUE"""),"トイレ") -> トイレ | FT4: =IFERROR(__xludf.DUMMYFUNCTION("""COMPUTED_VALUE"""),"リハビリパンツ , 小パット") -> リハビリパンツ , 小パット | FU4: =IFERROR(__xludf.DUMMYFUNCTION("""COMPUTED_VALUE"""),"排泄は失禁なくご自身で行えている。") -> 排泄は失禁なくご自身で行えている。 | FX4: =IFERROR(__xludf.DUMMYFUNCTION("""COMPUTED_VALUE"""),"入力") -> 入力 | FY4: =IFERROR(__xludf.DUMMYFUNCTION("""COMPUTED_VALUE"""),"全介助") -> 全介助 | FZ4: =IFERROR(__xludf.DUMMYFUNCTION("""COMPUTED_VALUE"""),"全介助") -> 全介助 | GA4: =IFERROR(__xludf.DUMMYFUNCTION("""COMPUTED_VALUE"""),"全介助") -> 全介助 | GB4: =IFERROR(__xludf.DUMMYFUNCTION("""COMPUTED_VALUE"""),"全介助") -> 全介助 | GC4: =IFERROR(__xludf.DUMMYFUNCTION("""COMPUTED_VALUE"""),"全介助") -> 全介助 | GG4: =IFERROR(__xludf.DUMMYFUNCTION("""COMPUTED_VALUE"""),"特になし。") -> 特になし。 | GH4: =IFERROR(__xludf.DUMMYFUNCTION("""COMPUTED_VALUE"""),40) -> 40
C5: =IFERROR(__xludf.DUMMYFUNCTION("""COMPUTED_VALUE"""),"宮畑 廣仁") -> 宮畑 廣仁 | D5: =IFERROR(__xludf.DUMMYFUNCTION("""COMPUTED_VALUE"""),"123123") -> 123123 | I5: =IFERROR(__xludf.DUMMYFUNCTION("""COMPUTED_VALUE"""),45528) -> 45528 | J5: =IFERROR(__xludf.DUMMYFUNCTION("""COMPUTED_VALUE"""),"山川 和輝") -> 山川 和輝 | K5: =IFERROR(__xludf.DUMMYFUNCTION("""COMPUTED_VALUE"""),"新規") -> 新規 | L5: =IFERROR(__xludf.DUMMYFUNCTION("""COMPUTED_VALUE"""),"本人の居室") -> 本人の居室 | M5: =IFERROR(__xludf.DUMMYFUNCTION("""COMPUTED_VALUE"""),"沖縄県生まれ。航空自衛隊に所属していた。青山レーダー基地に勤務していたころ、妻と結婚。転勤したくなったので自衛隊を辞め、様々な職に従事。同敷地内に店舗（焼肉ハウスたくみ）があり、妻と娘が経営している。") -> 沖縄県生まれ。航空自衛隊に所属していた。青山レーダー基地に勤務していたころ、妻と結婚。転勤したくなったので自衛隊を辞め、様々な職に従事。同敷地内に店舗（焼肉ハウスたくみ）があり、妻と娘が経営している。 | O5: =IFERROR(__xludf.DUMMYFUNCTION("""COMPUTED_VALUE"""),"自宅介護は困難。今後も施設で安心して生活してほしいと思っています。") -> 自宅介護は困難。今後も施設で安心して生活してほしいと思っています。 | Q5: =IFERROR(__xludf.DUMMYFUNCTION("""COMPUTED_VALUE"""),"入力") -> 入力 | R5: =IFERROR(__xludf.DUMMYFUNCTION("""COMPUTED_VALUE"""),"要介護４") -> 要介護４ | S5: =IFERROR(__xludf.DUMMYFUNCTION("""COMPUTED_VALUE"""),"令和6年7月11日") -> 令和6年7月11日 | T5: =IFERROR(__xludf.DUMMYFUNCTION("""COMPUTED_VALUE"""),"令和6年5月30日") -> 令和6年5月30日 | U5: =IFERROR(__xludf.DUMMYFUNCTION("""COMPUTED_VALUE"""),"令和7年5月31日") -> 令和7年5月31日 | V5: =IFERROR(__xludf.DUMMYFUNCTION("""COMPUTED_VALUE"""),"１割負担") -> １割負担 | W5: =IFERROR(__xludf.DUMMYFUNCTION("""COMPUTED_VALUE"""),"後期高齢者医療保険") -> 後期高齢者医療保険 | X5: =IFERROR(__xludf.DUMMYFUNCTION("""COMPUTED_VALUE"""),"無") -> 無 | Z5: =IFERROR(__xludf.DUMMYFUNCTION("""COMPUTED_VALUE"""),"無") -> 無 | AA5: =IFERROR(__xludf.DUMMYFUNCTION("""COMPUTED_VALUE"""),"無") -> 無 | AE5: =IFERROR(__xludf.DUMMYFUNCTION("""COMPUTED_VALUE"""),"入力") -> 入力 | AF5: =IFERROR(__xludf.DUMMYFUNCTION("""COMPUTED_VALUE"""),"宮畑 恵子") -> 宮畑 恵子 | AG5: =IFERROR(__xludf.DUMMYFUNCTION("""COMPUTED_VALUE"""),"妻") -> 妻 | AI5: =IFERROR(__xludf.DUMMYFUNCTION("""COMPUTED_VALUE"""),"別居") -> 別居 | AJ5: =IFERROR(__xludf.DUMMYFUNCTION("""COMPUTED_VALUE"""),"介護する") -> 介護する | AK5: =IFERROR(__xludf.DUMMYFUNCTION("""COMPUTED_VALUE"""),"有") -> 有 | AL5: =IFERROR(__xludf.DUMMYFUNCTION("""COMPUTED_VALUE"""),"090-4113-3080") -> 090-4113-3080 | AM5: =IFERROR(__xludf.DUMMYFUNCTION("""COMPUTED_VALUE"""),"KP。連絡先順位 妻→娘→お店（059-268-3910）") -> KP。連絡先順位 妻→娘→お店（059-268-3910） | AN5: =IFERROR(__xludf.DUMMYFUNCTION("""COMPUTED_VALUE"""),"元嶋 あかり") -> 元嶋 あかり | AO5: =IFERROR(__xludf.DUMMYFUNCTION("""COMPUTED_VALUE"""),"長女") -> 長女 | AQ5: =IFERROR(__xludf.DUMMYFUNCTION("""COMPUTED_VALUE"""),"別居") -> 別居 | AR5: =IFERROR(__xludf.DUMMYFUNCTION("""COMPUTED_VALUE"""),"介護する") -> 介護する | AS5: =IFERROR(__xludf.DUMMYFUNCTION("""COMPUTED_VALUE"""),"有") -> 有 | AT5: =IFERROR(__xludf.DUMMYFUNCTION("""COMPUTED_VALUE"""),"090-6071-8730") -> 090-6071-8730 | AU5: =IFERROR(__xludf.DUMMYFUNCTION("""COMPUTED_VALUE"""),"連絡先順位 妻→娘→お店（059-268-3910）") -> 連絡先順位 妻→娘→お店（059-268-3910） | AW5: =IFERROR(__xludf.DUMMYFUNCTION("""COMPUTED_VALUE"""),"入力") -> 入力 | AX5: =IFERROR(__xludf.DUMMYFUNCTION("""COMPUTED_VALUE"""),"一人暮らし") -> 一人暮らし | AY5: =IFERROR(__xludf.DUMMYFUNCTION("""COMPUTED_VALUE"""),"集合住宅") -> 集合住宅 | AZ5: =IFERROR(__xludf.DUMMYFUNCTION("""COMPUTED_VALUE"""),"エレベーター有") -> エレベーター有 | BA5: =IFERROR(__xludf.DUMMYFUNCTION("""COMPUTED_VALUE"""),"賃貸") -> 賃貸 | BB5: =IFERROR(__xludf.DUMMYFUNCTION("""COMPUTED_VALUE"""),"有") -> 有 | BC5: =IFERROR(__xludf.DUMMYFUNCTION("""COMPUTED_VALUE"""),"有") -> 有 | BD5: =IFERROR(__xludf.DUMMYFUNCTION("""COMPUTED_VALUE"""),"ウォシュレット") -> ウォシュレット | BG5: =IFERROR(__xludf.DUMMYFUNCTION("""COMPUTED_VALUE"""),"無") -> 無 | BI5: =IFERROR(__xludf.DUMMYFUNCTION("""COMPUTED_VALUE"""),"リクライニングベッド") -> リクライニングベッド | BJ5: =IFERROR(__xludf.DUMMYFUNCTION("""COMPUTED_VALUE"""),"無") -> 無 | BK5: =IFERROR(__xludf.DUMMYFUNCTION("""COMPUTED_VALUE"""),"無") -> 無 | BL5: =IFERROR(__xludf.DUMMYFUNCTION("""COMPUTED_VALUE"""),"無") -> 無 | BO5: =IFERROR(__xludf.DUMMYFUNCTION("""COMPUTED_VALUE"""),"入力") -> 入力 | BW5: =IFERROR(__xludf.DUMMYFUNCTION("""COMPUTED_VALUE"""),"入力") -> 入力 | BX5: =IFERROR(__xludf.DUMMYFUNCTION("""COMPUTED_VALUE"""),"右大腿骨転子部骨折（手術済み）") -> 右大腿骨転子部骨折（手術済み） | BY5: =IFERROR(__xludf.DUMMYFUNCTION("""COMPUTED_VALUE"""),"令和6年4月7日") -> 令和6年4月7日 | BZ5: =IFERROR(__xludf.DUMMYFUNCTION("""COMPUTED_VALUE"""),"頻脈、閉塞性肥大型心筋症") -> 頻脈、閉塞性肥大型心筋症 | CA5: =IFERROR(__xludf.DUMMYFUNCTION("""COMPUTED_VALUE"""),"令和6年5月10日") -> 令和6年5月10日 | CB5: =IFERROR(__xludf.DUMMYFUNCTION("""COMPUTED_VALUE"""),"間質性肺炎") -> 間質性肺炎 | CC5: =IFERROR(__xludf.DUMMYFUNCTION("""COMPUTED_VALUE"""),"不詳") -> 不詳 | CD5: =IFERROR(__xludf.DUMMYFUNCTION("""COMPUTED_VALUE"""),"第1腰椎椎体骨折（保存療法）") -> 第1腰椎椎体骨折（保存療法） | CE5: =IFERROR(__xludf.DUMMYFUNCTION("""COMPUTED_VALUE"""),"令和6年2月20日") -> 令和6年2月20日 | CF5: =IFERROR(__xludf.DUMMYFUNCTION("""COMPUTED_VALUE"""),"鉄欠乏性貧血") -> 鉄欠乏性貧血 | CG5: =IFERROR(__xludf.DUMMYFUNCTION("""COMPUTED_VALUE"""),"不詳") -> 不詳 | CJ5: =IFERROR(__xludf.DUMMYFUNCTION("""COMPUTED_VALUE"""),"令和6年6月26日までは、永井病院に受診を行っていたが現在は通院は行っていない。") -> 令和6年6月26日までは、永井病院に受診を行っていたが現在は通院は行っていない。 | CT5: =IFERROR(__xludf.DUMMYFUNCTION("""COMPUTED_VALUE"""),"内服は袋を開封して口まで運んでいる。 服薬管理は老健ロマンの看護師が行っている。 週1回、起床時に「アレンドロン」を内服する。") -> 内服は袋を開封して口まで運んでいる。 服薬管理は老健ロマンの看護師が行っている。 週1回、起床時に「アレンドロン」を内服する。 | CX5: =IFERROR(__xludf.DUMMYFUNCTION("""COMPUTED_VALUE"""),"入力") -> 入力 | CY5: =IFERROR(__xludf.DUMMYFUNCTION("""COMPUTED_VALUE"""),"無") -> 無 | CZ5: =IFERROR(__xludf.DUMMYFUNCTION("""COMPUTED_VALUE"""),"無") -> 無 | DA5: =IFERROR(__xludf.DUMMYFUNCTION("""COMPUTED_VALUE"""),"無") -> 無 | DB5: =IFERROR(__xludf.DUMMYFUNCTION("""COMPUTED_VALUE"""),"無") -> 無 | DC5: =IFERROR(__xludf.DUMMYFUNCTION("""COMPUTED_VALUE"""),"無") -> 無 | DF5: =IFERROR(__xludf.DUMMYFUNCTION("""COMPUTED_VALUE"""),"正常") -> 正常 | DG5: =IFERROR(__xludf.DUMMYFUNCTION("""COMPUTED_VALUE"""),"無") -> 無 | DH5: =IFERROR(__xludf.DUMMYFUNCTION("""COMPUTED_VALUE"""),"正常") -> 正常 | DI5: =IFERROR(__xludf.DUMMYFUNCTION("""COMPUTED_VALUE"""),"無") -> 無 | DJ5: =IFERROR(__xludf.DUMMYFUNCTION("""COMPUTED_VALUE"""),"普段の血圧は70～100mmHgとやや低値で、ベッド上の生活が続いており起立性低血圧も見られる。 老健ロマンでは、起立性低血圧で意識消失や何らかの症状が出たことはないとのこと。") -> 普段の血圧は70～100mmHgとやや低値で、ベッド上の生活が続いており起立性低血圧も見られる。 老健ロマンでは、起立性低血圧で意識消失や何らかの症状が出たことはないとのこと。 | DL5: =IFERROR(__xludf.DUMMYFUNCTION("""COMPUTED_VALUE"""),"入力") -> 入力 | DM5: =IFERROR(__xludf.DUMMYFUNCTION("""COMPUTED_VALUE"""),"有") -> 有 | DN5: =IFERROR(__xludf.DUMMYFUNCTION("""COMPUTED_VALUE"""),"中等度") -> 中等度 | DO5: =IFERROR(__xludf.DUMMYFUNCTION("""COMPUTED_VALUE"""),"無") -> 無 | DP5: =IFERROR(__xludf.DUMMYFUNCTION("""COMPUTED_VALUE"""),"不明瞭") -> 不明瞭 | DQ5: =IFERROR(__xludf.DUMMYFUNCTION("""COMPUTED_VALUE"""),"その場のみ可") -> その場のみ可 | DR5: =IFERROR(__xludf.DUMMYFUNCTION("""COMPUTED_VALUE"""),"指示入力は入るものの、物忘れや記銘力に低下あり。長谷川式12点と低値。病識もない。") -> 指示入力は入るものの、物忘れや記銘力に低下あり。長谷川式12点と低値。病識もない。 | DU5: =IFERROR(__xludf.DUMMYFUNCTION("""COMPUTED_VALUE"""),"入力") -> 入力 | DW5: =IFERROR(__xludf.DUMMYFUNCTION("""COMPUTED_VALUE"""),"できない") -> できない | DX5: =IFERROR(__xludf.DUMMYFUNCTION("""COMPUTED_VALUE"""),"自分の手で支えればできる") -> 自分の手で支えればできる | DY5: =IFERROR(__xludf.DUMMYFUNCTION("""COMPUTED_VALUE"""),"できない") -> できない | DZ5: =IFERROR(__xludf.DUMMYFUNCTION("""COMPUTED_VALUE"""),"できない") -> できない | EA5: =IFERROR(__xludf.DUMMYFUNCTION("""COMPUTED_VALUE"""),"全介助") -> 全介助 | EB5: =IFERROR(__xludf.DUMMYFUNCTION("""COMPUTED_VALUE"""),"全介助") -> 全介助 | EC5: =IFERROR(__xludf.DUMMYFUNCTION("""COMPUTED_VALUE"""),"車椅子") -> 車椅子 | ED5: =IFERROR(__xludf.DUMMYFUNCTION("""COMPUTED_VALUE"""),"全介助") -> 全介助 | EE5: =IFERROR(__xludf.DUMMYFUNCTION("""COMPUTED_VALUE"""),"車椅子") -> 車椅子 | EF5: =IFERROR(__xludf.DUMMYFUNCTION("""COMPUTED_VALUE"""),"移動はリクライニング車椅子を使用。 永井病院に入院中は歩行器で歩く練習をされていたが、老健ロマンに退院後は積極的に歩行訓練は行っていない。 血圧70～100mmHgで起立性低血圧の危険性もあり終日ベッドで臥床。 基本的に寝たきりの生活をされており、すべての動作において協力動作はあるものの介助を要す。") -> 移動はリクライニング車椅子を使用。 永井病院に入院中は歩行器で歩く練習をされていたが、老健ロマンに退院後は積極的に歩行訓練は行っていない。 血圧70～100mmHgで起立性低血圧の危険性もあり終日ベッドで臥床。 基本的に寝たきりの生活をされており、すべての動作において協力動作はあるものの介助を要す。 | EH5: =IFERROR(__xludf.DUMMYFUNCTION("""COMPUTED_VALUE"""),"入力") -> 入力 | EI5: =IFERROR(__xludf.DUMMYFUNCTION("""COMPUTED_VALUE"""),"入力") -> 入力 | EJ5: =IFERROR(__xludf.DUMMYFUNCTION("""COMPUTED_VALUE"""),"経口摂取") -> 経口摂取 | EK5: =IFERROR(__xludf.DUMMYFUNCTION("""COMPUTED_VALUE"""),"一部介助") -> 一部介助 | EL5: =IFERROR(__xludf.DUMMYFUNCTION("""COMPUTED_VALUE"""),"できる") -> できる | EM5: =IFERROR(__xludf.DUMMYFUNCTION("""COMPUTED_VALUE"""),"軟飯") -> 軟飯 | EN5: =IFERROR(__xludf.DUMMYFUNCTION("""COMPUTED_VALUE"""),"一口大") -> 一口大 | EO5: =IFERROR(__xludf.DUMMYFUNCTION("""COMPUTED_VALUE"""),"無") -> 無 | EP5: =IFERROR(__xludf.DUMMYFUNCTION("""COMPUTED_VALUE"""),"有") -> 有 | EQ5: =IFERROR(__xludf.DUMMYFUNCTION("""COMPUTED_VALUE"""),"スプーン") -> スプーン | ER5: =IFERROR(__xludf.DUMMYFUNCTION("""COMPUTED_VALUE"""),"食事制限：塩分6g未満、低残渣食 現在はリクライニング車椅子で食事をされている。ご自身で食べることも可能だが、手がとまったりで食事が進まないときは介助を行っている。") -> 食事制限：塩分6g未満、低残渣食 現在はリクライニング車椅子で食事をされている。ご自身で食べることも可能だが、手がとまったりで食事が進まないときは介助を行っている。 | ET5: =IFERROR(__xludf.DUMMYFUNCTION("""COMPUTED_VALUE"""),"入力") -> 入力 | EU5: =IFERROR(__xludf.DUMMYFUNCTION("""COMPUTED_VALUE"""),"全介助") -> 全介助 | EW5: =IFERROR(__xludf.DUMMYFUNCTION("""COMPUTED_VALUE"""),"有") -> 有 | EX5: =IFERROR(__xludf.DUMMYFUNCTION("""COMPUTED_VALUE"""),"総義歯") -> 総義歯 | EY5: =IFERROR(__xludf.DUMMYFUNCTION("""COMPUTED_VALUE"""),"上下") -> 上下 | EZ5: =IFERROR(__xludf.DUMMYFUNCTION("""COMPUTED_VALUE"""),"口腔ケアはベッド上で介助している。 うがいはガーグルベースを使用することで可能。") -> 口腔ケアはベッド上で介助している。 うがいはガーグルベースを使用することで可能。 | FB5: =IFERROR(__xludf.DUMMYFUNCTION("""COMPUTED_VALUE"""),"入力") -> 入力 | FC5: =IFERROR(__xludf.DUMMYFUNCTION("""COMPUTED_VALUE"""),"一部介助") -> 一部介助 | FD5: =IFERROR(__xludf.DUMMYFUNCTION("""COMPUTED_VALUE"""),"シャワー浴") -> シャワー浴 | FE5: =IFERROR(__xludf.DUMMYFUNCTION("""COMPUTED_VALUE"""),"無") -> 無 | FG5: =IFERROR(__xludf.DUMMYFUNCTION("""COMPUTED_VALUE"""),"一部介助") -> 一部介助 | FH5: =IFERROR(__xludf.DUMMYFUNCTION("""COMPUTED_VALUE"""),"一部介助") -> 一部介助 | FK5: =IFERROR(__xludf.DUMMYFUNCTION("""COMPUTED_VALUE"""),"入力") -> 入力 | FL5: =IFERROR(__xludf.DUMMYFUNCTION("""COMPUTED_VALUE"""),"全介助") -> 全介助 | FM5: =IFERROR(__xludf.DUMMYFUNCTION("""COMPUTED_VALUE"""),"有") -> 有 | FN5: =IFERROR(__xludf.DUMMYFUNCTION("""COMPUTED_VALUE"""),"有") -> 有 | FO5: =IFERROR(__xludf.DUMMYFUNCTION("""COMPUTED_VALUE"""),"有") -> 有 | FP5: =IFERROR(__xludf.DUMMYFUNCTION("""COMPUTED_VALUE"""),"有") -> 有 | FQ5: =IFERROR(__xludf.DUMMYFUNCTION("""COMPUTED_VALUE"""),"普通便") -> 普通便 | FR5: =IFERROR(__xludf.DUMMYFUNCTION("""COMPUTED_VALUE"""),"オムツ") -> オムツ | FS5: =IFERROR(__xludf.DUMMYFUNCTION("""COMPUTED_VALUE"""),"オムツ") -> オムツ | FT5: =IFERROR(__xludf.DUMMYFUNCTION("""COMPUTED_VALUE"""),"紙おむつ , 小パット") -> 紙おむつ , 小パット | FU5: =IFERROR(__xludf.DUMMYFUNCTION("""COMPUTED_VALUE"""),"医師からトイレの許可は出ているが、長期臥床により起立性低血圧のリスクがありオムツ対応。 今後もオムツ対応とする。") -> 医師からトイレの許可は出ているが、長期臥床により起立性低血圧のリスクがありオムツ対応。 今後もオムツ対応とする。 | FX5: =IFERROR(__xludf.DUMMYFUNCTION("""COMPUTED_VALUE"""),"入力") -> 入力 | FY5: =IFERROR(__xludf.DUMMYFUNCTION("""COMPUTED_VALUE"""),"全介助") -> 全介助 | FZ5: =IFERROR(__xludf.DUMMYFUNCTION("""COMPUTED_VALUE"""),"全介助") -> 全介助 | GA5: =IFERROR(__xludf.DUMMYFUNCTION("""COMPUTED_VALUE"""),"全介助") -> 全介助 | GB5: =IFERROR(__xludf.DUMMYFUNCTION("""COMPUTED_VALUE"""),"全介助") -> 全介助 | GC5: =IFERROR(__xludf.DUMMYFUNCTION("""COMPUTED_VALUE"""),"全介助") -> 全介助 | GD5: =IFERROR(__xludf.DUMMYFUNCTION("""COMPUTED_VALUE"""),"すべて全介助。") -> すべて全介助。 | GH5: =IFERROR(__xludf.DUMMYFUNCTION("""COMPUTED_VALUE"""),30) -> 30
C6: =IFERROR(__xludf.DUMMYFUNCTION("""COMPUTED_VALUE"""),"鬼頭 孝子") -> 鬼頭 孝子 | D6: =IFERROR(__xludf.DUMMYFUNCTION("""COMPUTED_VALUE"""),"db4c110d") -> db4c110d | I6: =IFERROR(__xludf.DUMMYFUNCTION("""COMPUTED_VALUE"""),45793) -> 45793 | J6: =IFERROR(__xludf.DUMMYFUNCTION("""COMPUTED_VALUE"""),"山川 和輝") -> 山川 和輝 | K6: =IFERROR(__xludf.DUMMYFUNCTION("""COMPUTED_VALUE"""),"新規") -> 新規 | L6: =IFERROR(__xludf.DUMMYFUNCTION("""COMPUTED_VALUE"""),"本人の居室") -> 本人の居室 | M6: =IFERROR(__xludf.DUMMYFUNCTION("""COMPUTED_VALUE"""),"元々パーマ屋を営んでおり、夫が平成15年にご逝去されてから近所の顔馴染みの友人も施設入所等でいなくなり、デイサービスと訪問介護を利用しながら在宅生活をしていた。 網膜静脈閉鎖と緑内障から視力の低下があり、令和4年6月13日にサービス付き高齢者向け住宅ケアスイートに入居となった。 令和6年8月8日、現在住まれているケアスイートが経営破綻となり急遽転居が必要となり、安濃津ろまんの申し込みがあった。安濃津ろまんのお部屋があくまでの間、昭和ろまんショートステイを一時利用することとなった。") -> 元々パーマ屋を営んでおり、夫が平成15年にご逝去されてから近所の顔馴染みの友人も施設入所等でいなくなり、デイサービスと訪問介護を利用しながら在宅生活をしていた。 網膜静脈閉鎖と緑内障から視力の低下があり、令和4年6月13日にサービス付き高齢者向け住宅ケアスイートに入居となった。 令和6年8月8日、現在住まれているケアスイートが経営破綻となり急遽転居が必要となり、安濃津ろまんの申し込みがあった。安濃津ろまんのお部屋があくまでの間、昭和ろまんショートステイを一時利用することとなった。 | N6: =IFERROR(__xludf.DUMMYFUNCTION("""COMPUTED_VALUE"""),"目が見えないので一人でいろんなことができないので、できないことは手伝って欲しい。") -> 目が見えないので一人でいろんなことができないので、できないことは手伝って欲しい。 | O6: =IFERROR(__xludf.DUMMYFUNCTION("""COMPUTED_VALUE"""),"家で見ることはできないので、施設で幸せに過ごしてほしい。") -> 家で見ることはできないので、施設で幸せに過ごしてほしい。 | Q6: =IFERROR(__xludf.DUMMYFUNCTION("""COMPUTED_VALUE"""),"入力") -> 入力 | R6: =IFERROR(__xludf.DUMMYFUNCTION("""COMPUTED_VALUE"""),"要介護３") -> 要介護３ | S6: =IFERROR(__xludf.DUMMYFUNCTION("""COMPUTED_VALUE"""),"令和5年11月1日") -> 令和5年11月1日 | T6: =IFERROR(__xludf.DUMMYFUNCTION("""COMPUTED_VALUE"""),"令和5年11月1日") -> 令和5年11月1日 | U6: =IFERROR(__xludf.DUMMYFUNCTION("""COMPUTED_VALUE"""),"令和6年10月31日") -> 令和6年10月31日 | V6: =IFERROR(__xludf.DUMMYFUNCTION("""COMPUTED_VALUE"""),"１割負担") -> １割負担 | W6: =IFERROR(__xludf.DUMMYFUNCTION("""COMPUTED_VALUE"""),"後期高齢者医療保険") -> 後期高齢者医療保険 | X6: =IFERROR(__xludf.DUMMYFUNCTION("""COMPUTED_VALUE"""),"有") -> 有 | Z6: =IFERROR(__xludf.DUMMYFUNCTION("""COMPUTED_VALUE"""),"無") -> 無 | AA6: =IFERROR(__xludf.DUMMYFUNCTION("""COMPUTED_VALUE"""),"無") -> 無 | AE6: =IFERROR(__xludf.DUMMYFUNCTION("""COMPUTED_VALUE"""),"入力") -> 入力 | AF6: =IFERROR(__xludf.DUMMYFUNCTION("""COMPUTED_VALUE"""),"鬼頭 正幸") -> 鬼頭 正幸 | AG6: =IFERROR(__xludf.DUMMYFUNCTION("""COMPUTED_VALUE"""),"長男") -> 長男 | AI6: =IFERROR(__xludf.DUMMYFUNCTION("""COMPUTED_VALUE"""),"別居") -> 別居 | AJ6: =IFERROR(__xludf.DUMMYFUNCTION("""COMPUTED_VALUE"""),"介護しない") -> 介護しない | AK6: =IFERROR(__xludf.DUMMYFUNCTION("""COMPUTED_VALUE"""),"有") -> 有 | AL6: =IFERROR(__xludf.DUMMYFUNCTION("""COMPUTED_VALUE"""),"090-7952-6699") -> 090-7952-6699 | AM6: =IFERROR(__xludf.DUMMYFUNCTION("""COMPUTED_VALUE"""),"KP") -> KP | BW6: =IFERROR(__xludf.DUMMYFUNCTION("""COMPUTED_VALUE"""),"入力") -> 入力 | BX6: =IFERROR(__xludf.DUMMYFUNCTION("""COMPUTED_VALUE"""),"高血圧症") -> 高血圧症 | BY6: =IFERROR(__xludf.DUMMYFUNCTION("""COMPUTED_VALUE"""),"不詳") -> 不詳 | BZ6: =IFERROR(__xludf.DUMMYFUNCTION("""COMPUTED_VALUE"""),"便秘症") -> 便秘症 | CA6: =IFERROR(__xludf.DUMMYFUNCTION("""COMPUTED_VALUE"""),"不詳") -> 不詳 | CB6: =IFERROR(__xludf.DUMMYFUNCTION("""COMPUTED_VALUE"""),"変形性膝関節症") -> 変形性膝関節症 | CC6: =IFERROR(__xludf.DUMMYFUNCTION("""COMPUTED_VALUE"""),"不詳") -> 不詳 | CD6: =IFERROR(__xludf.DUMMYFUNCTION("""COMPUTED_VALUE"""),"認知症") -> 認知症 | CE6: =IFERROR(__xludf.DUMMYFUNCTION("""COMPUTED_VALUE"""),"不詳") -> 不詳 | CF6: =IFERROR(__xludf.DUMMYFUNCTION("""COMPUTED_VALUE"""),"網膜静脈閉鎖、緑内障") -> 網膜静脈閉鎖、緑内障 | CG6: =IFERROR(__xludf.DUMMYFUNCTION("""COMPUTED_VALUE"""),"不詳") -> 不詳 | CJ6: =IFERROR(__xludf.DUMMYFUNCTION("""COMPUTED_VALUE"""),"1ヶ月に1度、まつなが眼科を受診している。最終受診日は8/6。 毎朝7：00ごろにザラカム点眼液を両眼に介助にて行っている。") -> 1ヶ月に1度、まつなが眼科を受診している。最終受診日は8/6。 毎朝7：00ごろにザラカム点眼液を両眼に介助にて行っている。 | CK6: =IFERROR(__xludf.DUMMYFUNCTION("""COMPUTED_VALUE"""),"テスト") -> テスト | CL6: =IFERROR(__xludf.DUMMYFUNCTION("""COMPUTED_VALUE"""),"テスト") -> テスト | CM6: =IFERROR(__xludf.DUMMYFUNCTION("""COMPUTED_VALUE"""),"テスト") -> テスト | CN6: =IFERROR(__xludf.DUMMYFUNCTION("""COMPUTED_VALUE"""),"テスト") -> テスト | CO6: =IFERROR(__xludf.DUMMYFUNCTION("""COMPUTED_VALUE"""),"あ") -> あ | CP6: =IFERROR(__xludf.DUMMYFUNCTION("""COMPUTED_VALUE"""),"あ") -> あ | CQ6: =IFERROR(__xludf.DUMMYFUNCTION("""COMPUTED_VALUE"""),"ｓ") -> ｓ | CR6: =IFERROR(__xludf.DUMMYFUNCTION("""COMPUTED_VALUE"""),"ｄ") -> ｄ | CS6: =IFERROR(__xludf.DUMMYFUNCTION("""COMPUTED_VALUE"""),"腹部症状等で、平成25年6月後より加藤医院へ通院されており、その際に総合病院を紹介市、大腸ファイバー等で精査を行った結果、特に異常はなく便秘症と診断があった。 網膜静脈閉鎖と緑内障があり、左目がほとんど見えない状況で右目の視力のみで生活されている。") -> 腹部症状等で、平成25年6月後より加藤医院へ通院されており、その際に総合病院を紹介市、大腸ファイバー等で精査を行った結果、特に異常はなく便秘症と診断があった。 網膜静脈閉鎖と緑内障があり、左目がほとんど見えない状況で右目の視力のみで生活されている。 | CT6: =IFERROR(__xludf.DUMMYFUNCTION("""COMPUTED_VALUE"""),"服薬管理は施設が行っている。") -> 服薬管理は施設が行っている。 | CU6: =IFERROR(__xludf.DUMMYFUNCTION("""COMPUTED_VALUE"""),"有") -> 有 | CV6: =IFERROR(__xludf.DUMMYFUNCTION("""COMPUTED_VALUE"""),"ｆｆｆ") -> ｆｆｆ | CX6: =IFERROR(__xludf.DUMMYFUNCTION("""COMPUTED_VALUE"""),"入力") -> 入力 | CY6: =IFERROR(__xludf.DUMMYFUNCTION("""COMPUTED_VALUE"""),"無") -> 無 | CZ6: =IFERROR(__xludf.DUMMYFUNCTION("""COMPUTED_VALUE"""),"無") -> 無 | DA6: =IFERROR(__xludf.DUMMYFUNCTION("""COMPUTED_VALUE"""),"無") -> 無 | DB6: =IFERROR(__xludf.DUMMYFUNCTION("""COMPUTED_VALUE"""),"無") -> 無 | DC6: =IFERROR(__xludf.DUMMYFUNCTION("""COMPUTED_VALUE"""),"無") -> 無 | DD6: =IFERROR(__xludf.DUMMYFUNCTION("""COMPUTED_VALUE"""),0) -> 0 | DE6: =IFERROR(__xludf.DUMMYFUNCTION("""COMPUTED_VALUE"""),0) -> 0 | DF6: =IFERROR(__xludf.DUMMYFUNCTION("""COMPUTED_VALUE"""),"ほぼ見えない") -> ほぼ見えない | DG6: =IFERROR(__xludf.DUMMYFUNCTION("""COMPUTED_VALUE"""),"無") -> 無 | DH6: =IFERROR(__xludf.DUMMYFUNCTION("""COMPUTED_VALUE"""),"正常") -> 正常 | DI6: =IFERROR(__xludf.DUMMYFUNCTION("""COMPUTED_VALUE"""),"無") -> 無 | DJ6: =IFERROR(__xludf.DUMMYFUNCTION("""COMPUTED_VALUE"""),"左目はほとんど見えていないが、右目は問題なし。") -> 左目はほとんど見えていないが、右目は問題なし。 | DL6: =IFERROR(__xludf.DUMMYFUNCTION("""COMPUTED_VALUE"""),"入力") -> 入力 | DM6: =IFERROR(__xludf.DUMMYFUNCTION("""COMPUTED_VALUE"""),"有") -> 有 | DN6: =IFERROR(__xludf.DUMMYFUNCTION("""COMPUTED_VALUE"""),"軽度") -> 軽度 | DO6: =IFERROR(__xludf.DUMMYFUNCTION("""COMPUTED_VALUE"""),"被害妄想") -> 被害妄想 | DP6: =IFERROR(__xludf.DUMMYFUNCTION("""COMPUTED_VALUE"""),"可能") -> 可能 | DQ6: =IFERROR(__xludf.DUMMYFUNCTION("""COMPUTED_VALUE"""),"可能") -> 可能 | DR6: =IFERROR(__xludf.DUMMYFUNCTION("""COMPUTED_VALUE"""),"年相応の物忘れは見られるものの、日常生活に支障が出ることは少ない。 被害妄想や、隣の部屋の物音、食事内容や職員の態度等で施設管理者に苦情を入れることが多い。ご家族様とよく携帯で連絡を取っているが、ご家族様は苦情を把握されていなかった。 ご家族様からは「知らなかったですが、クレーマーなんですね。」と笑いながら言われていた。") -> 年相応の物忘れは見られるものの、日常生活に支障が出ることは少ない。 被害妄想や、隣の部屋の物音、食事内容や職員の態度等で施設管理者に苦情を入れることが多い。ご家族様とよく携帯で連絡を取っているが、ご家族様は苦情を把握されていなかった。 ご家族様からは「知らなかったですが、クレーマーなんですね。」と笑いながら言われていた。 | DU6: =IFERROR(__xludf.DUMMYFUNCTION("""COMPUTED_VALUE"""),"入力") -> 入力 | DV6: =IFERROR(__xludf.DUMMYFUNCTION("""COMPUTED_VALUE"""),"何かにつかまればできる") -> 何かにつかまればできる | DW6: =IFERROR(__xludf.DUMMYFUNCTION("""COMPUTED_VALUE"""),"何かにつかまればできる") -> 何かにつかまればできる | DX6: =IFERROR(__xludf.DUMMYFUNCTION("""COMPUTED_VALUE"""),"自分の手で支えればできる") -> 自分の手で支えればできる | DY6: =IFERROR(__xludf.DUMMYFUNCTION("""COMPUTED_VALUE"""),"何かにつかまればできる") -> 何かにつかまればできる | DZ6: =IFERROR(__xludf.DUMMYFUNCTION("""COMPUTED_VALUE"""),"何か支えがあればできる") -> 何か支えがあればできる | EA6: =IFERROR(__xludf.DUMMYFUNCTION("""COMPUTED_VALUE"""),"自立") -> 自立 | EB6: =IFERROR(__xludf.DUMMYFUNCTION("""COMPUTED_VALUE"""),"自立") -> 自立 | EC6: =IFERROR(__xludf.DUMMYFUNCTION("""COMPUTED_VALUE"""),"歩行器") -> 歩行器 | ED6: =IFERROR(__xludf.DUMMYFUNCTION("""COMPUTED_VALUE"""),"自立") -> 自立 | EE6: =IFERROR(__xludf.DUMMYFUNCTION("""COMPUTED_VALUE"""),"歩行器") -> 歩行器 | EF6: =IFERROR(__xludf.DUMMYFUNCTION("""COMPUTED_VALUE"""),"移動はシルバーカーを使用されており、転倒歴はあるものの比較的しっかり歩行できている。屋外もシルバーカーで歩行可能だが、転倒リスクが高いため、見守りは必要な状況。") -> 移動はシルバーカーを使用されており、転倒歴はあるものの比較的しっかり歩行できている。屋外もシルバーカーで歩行可能だが、転倒リスクが高いため、見守りは必要な状況。 | EH6: =IFERROR(__xludf.DUMMYFUNCTION("""COMPUTED_VALUE"""),"入力") -> 入力 | EI6: =IFERROR(__xludf.DUMMYFUNCTION("""COMPUTED_VALUE"""),"入力") -> 入力 | EJ6: =IFERROR(__xludf.DUMMYFUNCTION("""COMPUTED_VALUE"""),"経口摂取") -> 経口摂取 | EK6: =IFERROR(__xludf.DUMMYFUNCTION("""COMPUTED_VALUE"""),"自立") -> 自立 | EL6: =IFERROR(__xludf.DUMMYFUNCTION("""COMPUTED_VALUE"""),"できる") -> できる | EM6: =IFERROR(__xludf.DUMMYFUNCTION("""COMPUTED_VALUE"""),"普通") -> 普通 | EN6: =IFERROR(__xludf.DUMMYFUNCTION("""COMPUTED_VALUE"""),"キザミ") -> キザミ | EO6: =IFERROR(__xludf.DUMMYFUNCTION("""COMPUTED_VALUE"""),"無") -> 無 | EP6: =IFERROR(__xludf.DUMMYFUNCTION("""COMPUTED_VALUE"""),"無") -> 無 | EQ6: =IFERROR(__xludf.DUMMYFUNCTION("""COMPUTED_VALUE"""),"箸 , スプーン") -> 箸 , スプーン | ER6: =IFERROR(__xludf.DUMMYFUNCTION("""COMPUTED_VALUE"""),"好き嫌いが多く、メニューによってはほとんど残されることも多々ある。入れ歯の調子が悪く、副食は刻み食となっている。") -> 好き嫌いが多く、メニューによってはほとんど残されることも多々ある。入れ歯の調子が悪く、副食は刻み食となっている。 | ET6: =IFERROR(__xludf.DUMMYFUNCTION("""COMPUTED_VALUE"""),"入力") -> 入力 | EU6: =IFERROR(__xludf.DUMMYFUNCTION("""COMPUTED_VALUE"""),"自立") -> 自立 | EW6: =IFERROR(__xludf.DUMMYFUNCTION("""COMPUTED_VALUE"""),"有") -> 有 | EX6: =IFERROR(__xludf.DUMMYFUNCTION("""COMPUTED_VALUE"""),"部分義歯") -> 部分義歯 | EY6: =IFERROR(__xludf.DUMMYFUNCTION("""COMPUTED_VALUE"""),"上下") -> 上下 | EZ6: =IFERROR(__xludf.DUMMYFUNCTION("""COMPUTED_VALUE"""),"義歯は上下部分入れ歯を使用されている。 義歯の洗浄や口腔ケアはご自身で行うことができている。") -> 義歯は上下部分入れ歯を使用されている。 義歯の洗浄や口腔ケアはご自身で行うことができている。 | FB6: =IFERROR(__xludf.DUMMYFUNCTION("""COMPUTED_VALUE"""),"入力") -> 入力 | FC6: =IFERROR(__xludf.DUMMYFUNCTION("""COMPUTED_VALUE"""),"見守り") -> 見守り | FD6: =IFERROR(__xludf.DUMMYFUNCTION("""COMPUTED_VALUE"""),"一般浴") -> 一般浴 | FE6: =IFERROR(__xludf.DUMMYFUNCTION("""COMPUTED_VALUE"""),"無") -> 無 | FG6: =IFERROR(__xludf.DUMMYFUNCTION("""COMPUTED_VALUE"""),"自立") -> 自立 | FH6: =IFERROR(__xludf.DUMMYFUNCTION("""COMPUTED_VALUE"""),"自立") -> 自立 | FI6: =IFERROR(__xludf.DUMMYFUNCTION("""COMPUTED_VALUE"""),"入浴は浴槽を跨ぐ際に不安定となるため、見守りや介助が必要。 更衣は普段朝と夜に着替えを行っている。") -> 入浴は浴槽を跨ぐ際に不安定となるため、見守りや介助が必要。 更衣は普段朝と夜に着替えを行っている。 | FK6: =IFERROR(__xludf.DUMMYFUNCTION("""COMPUTED_VALUE"""),"入力") -> 入力 | FL6: =IFERROR(__xludf.DUMMYFUNCTION("""COMPUTED_VALUE"""),"自立") -> 自立 | FM6: =IFERROR(__xludf.DUMMYFUNCTION("""COMPUTED_VALUE"""),"有") -> 有 | FN6: =IFERROR(__xludf.DUMMYFUNCTION("""COMPUTED_VALUE"""),"有") -> 有 | FO6: =IFERROR(__xludf.DUMMYFUNCTION("""COMPUTED_VALUE"""),"有") -> 有 | FP6: =IFERROR(__xludf.DUMMYFUNCTION("""COMPUTED_VALUE"""),"無") -> 無 | FR6: =IFERROR(__xludf.DUMMYFUNCTION("""COMPUTED_VALUE"""),"トイレ") -> トイレ | FS6: =IFERROR(__xludf.DUMMYFUNCTION("""COMPUTED_VALUE"""),"トイレ") -> トイレ | FT6: =IFERROR(__xludf.DUMMYFUNCTION("""COMPUTED_VALUE"""),"リハビリパンツ , 小パット") -> リハビリパンツ , 小パット | FU6: =IFERROR(__xludf.DUMMYFUNCTION("""COMPUTED_VALUE"""),"普段リハビリパンツと小パットを使用しており、失禁はあるもののご自身でトイレに行きパットの処理等、自立されている。 ただ、パットの交換頻度が高く、少し尿漏れした程度で交換を行っているため、パットの使用量が多い。ご家族様はこの状況を理解されていなかったが、パットの請求額が多いことは気になっていたと言われていた。 便に対して固執傾向で、毎日排便がないと不安になるが、最近は順調に出ている。") -> 普段リハビリパンツと小パットを使用しており、失禁はあるもののご自身でトイレに行きパットの処理等、自立されている。 ただ、パットの交換頻度が高く、少し尿漏れした程度で交換を行っているため、パットの使用量が多い。ご家族様はこの状況を理解されていなかったが、パットの請求額が多いことは気になっていたと言われていた。 便に対して固執傾向で、毎日排便がないと不安になるが、最近は順調に出ている。 | GG6: =IFERROR(__xludf.DUMMYFUNCTION("""COMPUTED_VALUE"""),"便に対して固執傾向にあり、最近は順調に出ているものの、便が出やすくするために、毎日コーヒーとバナナを朝の4時に飲食されている。 現施設では、バナナとコーヒーは買い物サービスを利用して購入して頂いている。今後も継続できるかは不安に思われていた。") -> 便に対して固執傾向にあり、最近は順調に出ているものの、便が出やすくするために、毎日コーヒーとバナナを朝の4時に飲食されている。 現施設では、バナナとコーヒーは買い物サービスを利用して購入して頂いている。今後も継続できるかは不安に思われていた。 | GH6: =IFERROR(__xludf.DUMMYFUNCTION("""COMPUTED_VALUE"""),30) -> 30
C7: =IFERROR(__xludf.DUMMYFUNCTION("""COMPUTED_VALUE"""),"岡部 玲子") -> 岡部 玲子 | D7: =IFERROR(__xludf.DUMMYFUNCTION("""COMPUTED_VALUE"""),"a5b08413") -> a5b08413 | I7: =IFERROR(__xludf.DUMMYFUNCTION("""COMPUTED_VALUE"""),45609) -> 45609 | J7: =IFERROR(__xludf.DUMMYFUNCTION("""COMPUTED_VALUE"""),"山川 和輝") -> 山川 和輝 | K7: =IFERROR(__xludf.DUMMYFUNCTION("""COMPUTED_VALUE"""),"新規") -> 新規 | L7: =IFERROR(__xludf.DUMMYFUNCTION("""COMPUTED_VALUE"""),"本人の居室") -> 本人の居室 | M7: =IFERROR(__xludf.DUMMYFUNCTION("""COMPUTED_VALUE"""),"子供3人が独立し夫と二人暮らしをしていた。長男、次女宅は徒歩10分の所に在住。長女は大阪在住。夫が認知症となり介護が必要となったため、令和1年10月にサービス付き高齢者向け住宅ケアスイートに夫婦で入居する。入居時は要介護1で夫の面倒も見ていた。夫が亡くなり令和3年11月から要介護2となり、デイサービスや訪問介護、施設サービスを利用しながら生活を送っていた。令和6年8月に現施設の経営破綻により急遽転居が必要となったため、サービス付き高齢者向け住宅 安濃津ろまんへ転居予定となったが、部屋が空くまでの間、昭和ろ"&"まんのショートステイを利用することとなった。その後、令和6年9月8日にサービス付き高齢者向け住宅安濃津ろまんへ入居となった。") -> 子供3人が独立し夫と二人暮らしをしていた。長男、次女宅は徒歩10分の所に在住。長女は大阪在住。夫が認知症となり介護が必要となったため、令和1年10月にサービス付き高齢者向け住宅ケアスイートに夫婦で入居する。入居時は要介護1で夫の面倒も見ていた。夫が亡くなり令和3年11月から要介護2となり、デイサービスや訪問介護、施設サービスを利用しながら生活を送っていた。令和6年8月に現施設の経営破綻により急遽転居が必要となったため、サービス付き高齢者向け住宅 安濃津ろまんへ転居予定となったが、部屋が空くまでの間、昭和ろまんのショートステイを利用することとなった。その後、令和6年9月8日にサービス付き高齢者向け住宅安濃津ろまんへ入居となった。 | N7: =IFERROR(__xludf.DUMMYFUNCTION("""COMPUTED_VALUE"""),"ご迷惑をかけない程度で元気に生活していきたいと思います。") -> ご迷惑をかけない程度で元気に生活していきたいと思います。 | O7: =IFERROR(__xludf.DUMMYFUNCTION("""COMPUTED_VALUE"""),"施設で安心して生活してもらいたいです。") -> 施設で安心して生活してもらいたいです。 | Q7: =IFERROR(__xludf.DUMMYFUNCTION("""COMPUTED_VALUE"""),"入力") -> 入力 | R7: =IFERROR(__xludf.DUMMYFUNCTION("""COMPUTED_VALUE"""),"要介護１") -> 要介護１ | S7: =IFERROR(__xludf.DUMMYFUNCTION("""COMPUTED_VALUE"""),"令和6年11月7日") -> 令和6年11月7日 | T7: =IFERROR(__xludf.DUMMYFUNCTION("""COMPUTED_VALUE"""),"令和6年11月1日") -> 令和6年11月1日 | U7: =IFERROR(__xludf.DUMMYFUNCTION("""COMPUTED_VALUE"""),"令和7年10月31日") -> 令和7年10月31日 | V7: =IFERROR(__xludf.DUMMYFUNCTION("""COMPUTED_VALUE"""),"１割負担") -> １割負担 | W7: =IFERROR(__xludf.DUMMYFUNCTION("""COMPUTED_VALUE"""),"後期高齢者医療保険") -> 後期高齢者医療保険 | X7: =IFERROR(__xludf.DUMMYFUNCTION("""COMPUTED_VALUE"""),"無") -> 無 | Z7: =IFERROR(__xludf.DUMMYFUNCTION("""COMPUTED_VALUE"""),"無") -> 無 | AA7: =IFERROR(__xludf.DUMMYFUNCTION("""COMPUTED_VALUE"""),"無") -> 無 | AB7: =IFERROR(__xludf.DUMMYFUNCTION("""COMPUTED_VALUE"""),"B1") -> B1 | AC7: =IFERROR(__xludf.DUMMYFUNCTION("""COMPUTED_VALUE"""),"Ⅲa") -> Ⅲa | AE7: =IFERROR(__xludf.DUMMYFUNCTION("""COMPUTED_VALUE"""),"入力") -> 入力 | AF7: =IFERROR(__xludf.DUMMYFUNCTION("""COMPUTED_VALUE"""),"岡部 宏司") -> 岡部 宏司 | AG7: =IFERROR(__xludf.DUMMYFUNCTION("""COMPUTED_VALUE"""),"長男") -> 長男 | AI7: =IFERROR(__xludf.DUMMYFUNCTION("""COMPUTED_VALUE"""),"別居") -> 別居 | AJ7: =IFERROR(__xludf.DUMMYFUNCTION("""COMPUTED_VALUE"""),"介護しない") -> 介護しない | AK7: =IFERROR(__xludf.DUMMYFUNCTION("""COMPUTED_VALUE"""),"有") -> 有 | AL7: =IFERROR(__xludf.DUMMYFUNCTION("""COMPUTED_VALUE"""),"090-3939-7431") -> 090-3939-7431 | AM7: =IFERROR(__xludf.DUMMYFUNCTION("""COMPUTED_VALUE"""),"KP") -> KP | AW7: =IFERROR(__xludf.DUMMYFUNCTION("""COMPUTED_VALUE"""),"入力") -> 入力 | AX7: =IFERROR(__xludf.DUMMYFUNCTION("""COMPUTED_VALUE"""),"一人暮らし") -> 一人暮らし | AY7: =IFERROR(__xludf.DUMMYFUNCTION("""COMPUTED_VALUE"""),"集合住宅") -> 集合住宅 | AZ7: =IFERROR(__xludf.DUMMYFUNCTION("""COMPUTED_VALUE"""),"エレベーター有") -> エレベーター有 | BA7: =IFERROR(__xludf.DUMMYFUNCTION("""COMPUTED_VALUE"""),"賃貸") -> 賃貸 | BB7: =IFERROR(__xludf.DUMMYFUNCTION("""COMPUTED_VALUE"""),"有") -> 有 | BC7: =IFERROR(__xludf.DUMMYFUNCTION("""COMPUTED_VALUE"""),"有") -> 有 | BD7: =IFERROR(__xludf.DUMMYFUNCTION("""COMPUTED_VALUE"""),"洋式") -> 洋式 | BE7: =IFERROR(__xludf.DUMMYFUNCTION("""COMPUTED_VALUE"""),"手すり有") -> 手すり有 | BF7: =IFERROR(__xludf.DUMMYFUNCTION("""COMPUTED_VALUE"""),"段差無") -> 段差無 | BG7: =IFERROR(__xludf.DUMMYFUNCTION("""COMPUTED_VALUE"""),"有") -> 有 | BH7: =IFERROR(__xludf.DUMMYFUNCTION("""COMPUTED_VALUE"""),"手すり有") -> 手すり有 | BI7: =IFERROR(__xludf.DUMMYFUNCTION("""COMPUTED_VALUE"""),"リクライニングベッド") -> リクライニングベッド | BJ7: =IFERROR(__xludf.DUMMYFUNCTION("""COMPUTED_VALUE"""),"無") -> 無 | BK7: =IFERROR(__xludf.DUMMYFUNCTION("""COMPUTED_VALUE"""),"無") -> 無 | BL7: =IFERROR(__xludf.DUMMYFUNCTION("""COMPUTED_VALUE"""),"無") -> 無 | BM7: =IFERROR(__xludf.DUMMYFUNCTION("""COMPUTED_VALUE"""),"無") -> 無 | BO7: =IFERROR(__xludf.DUMMYFUNCTION("""COMPUTED_VALUE"""),"入力") -> 入力 | BP7: =IFERROR(__xludf.DUMMYFUNCTION("""COMPUTED_VALUE"""),"訪問介護 , 訪問看護 , 通所介護") -> 訪問介護 , 訪問看護 , 通所介護 | BQ7: =IFERROR(__xludf.DUMMYFUNCTION("""COMPUTED_VALUE"""),"車いす , 特殊寝台 , 特殊寝台付属品 , 手すり") -> 車いす , 特殊寝台 , 特殊寝台付属品 , 手すり | BR7: =IFERROR(__xludf.DUMMYFUNCTION("""COMPUTED_VALUE"""),"特になし") -> 特になし | BS7: =IFERROR(__xludf.DUMMYFUNCTION("""COMPUTED_VALUE"""),"食事支援 , 排泄支援 , リネンリース , 洗濯") -> 食事支援 , 排泄支援 , リネンリース , 洗濯 | BT7: =IFERROR(__xludf.DUMMYFUNCTION("""COMPUTED_VALUE"""),"集団への不適応は見られない。") -> 集団への不適応は見られない。 | BW7: =IFERROR(__xludf.DUMMYFUNCTION("""COMPUTED_VALUE"""),"入力") -> 入力 | BX7: =IFERROR(__xludf.DUMMYFUNCTION("""COMPUTED_VALUE"""),"脳梗塞") -> 脳梗塞 | BY7: =IFERROR(__xludf.DUMMYFUNCTION("""COMPUTED_VALUE"""),"令和6年6月16日") -> 令和6年6月16日 | BZ7: =IFERROR(__xludf.DUMMYFUNCTION("""COMPUTED_VALUE"""),"頭痛") -> 頭痛 | CA7: =IFERROR(__xludf.DUMMYFUNCTION("""COMPUTED_VALUE"""),"不詳") -> 不詳 | CB7: =IFERROR(__xludf.DUMMYFUNCTION("""COMPUTED_VALUE"""),"右大腿骨頸部骨折") -> 右大腿骨頸部骨折 | CC7: =IFERROR(__xludf.DUMMYFUNCTION("""COMPUTED_VALUE"""),"令和5年3月25日") -> 令和5年3月25日 | CD7: =IFERROR(__xludf.DUMMYFUNCTION("""COMPUTED_VALUE"""),"洞不全症候群") -> 洞不全症候群 | CE7: =IFERROR(__xludf.DUMMYFUNCTION("""COMPUTED_VALUE"""),"不詳") -> 不詳 | CF7: =IFERROR(__xludf.DUMMYFUNCTION("""COMPUTED_VALUE"""),"Th7椎体骨折") -> Th7椎体骨折 | CG7: =IFERROR(__xludf.DUMMYFUNCTION("""COMPUTED_VALUE"""),"令和3年10月頃") -> 令和3年10月頃 | CH7: =IFERROR(__xludf.DUMMYFUNCTION("""COMPUTED_VALUE"""),"慢性心不全") -> 慢性心不全 | CI7: =IFERROR(__xludf.DUMMYFUNCTION("""COMPUTED_VALUE"""),"不詳") -> 不詳 | CJ7: =IFERROR(__xludf.DUMMYFUNCTION("""COMPUTED_VALUE"""),"加藤医院による往診を受けている。") -> 加藤医院による往診を受けている。 | CS7: =IFERROR(__xludf.DUMMYFUNCTION("""COMPUTED_VALUE"""),"疾患名で列挙した以外にも、ラクナ梗塞や両変形性膝関節症（術後）、頸椎ヘルニアが既往となっている。 脳梗塞を発症したものの、ご本人、ご家族様ともに入院の希望はなく保存療法となった。") -> 疾患名で列挙した以外にも、ラクナ梗塞や両変形性膝関節症（術後）、頸椎ヘルニアが既往となっている。 脳梗塞を発症したものの、ご本人、ご家族様ともに入院の希望はなく保存療法となった。 | CT7: =IFERROR(__xludf.DUMMYFUNCTION("""COMPUTED_VALUE"""),"服薬管理は施設で管理されている。頓服の頭痛薬があり、必要時にNsコールで職員へ伝える。") -> 服薬管理は施設で管理されている。頓服の頭痛薬があり、必要時にNsコールで職員へ伝える。 | CX7: =IFERROR(__xludf.DUMMYFUNCTION("""COMPUTED_VALUE"""),"入力") -> 入力 | CY7: =IFERROR(__xludf.DUMMYFUNCTION("""COMPUTED_VALUE"""),"かゆみ") -> かゆみ | CZ7: =IFERROR(__xludf.DUMMYFUNCTION("""COMPUTED_VALUE"""),"無") -> 無 | DA7: =IFERROR(__xludf.DUMMYFUNCTION("""COMPUTED_VALUE"""),"無") -> 無 | DB7: =IFERROR(__xludf.DUMMYFUNCTION("""COMPUTED_VALUE"""),"特になし。") -> 特になし。 | DC7: =IFERROR(__xludf.DUMMYFUNCTION("""COMPUTED_VALUE"""),"頭痛あり") -> 頭痛あり | DD7: =IFERROR(__xludf.DUMMYFUNCTION("""COMPUTED_VALUE"""),0) -> 0 | DE7: =IFERROR(__xludf.DUMMYFUNCTION("""COMPUTED_VALUE"""),0) -> 0 | DF7: =IFERROR(__xludf.DUMMYFUNCTION("""COMPUTED_VALUE"""),"正常") -> 正常 | DG7: =IFERROR(__xludf.DUMMYFUNCTION("""COMPUTED_VALUE"""),"有") -> 有 | DH7: =IFERROR(__xludf.DUMMYFUNCTION("""COMPUTED_VALUE"""),"正常") -> 正常 | DI7: =IFERROR(__xludf.DUMMYFUNCTION("""COMPUTED_VALUE"""),"無") -> 無 | DJ7: =IFERROR(__xludf.DUMMYFUNCTION("""COMPUTED_VALUE"""),"・心拍数は低め（徐脈）で、測定値は46～52回/分。ただし、不整脈や胸部の不快感はなく、他のバイタルサインも安定しているため、心臓機能に大きな異常はみられない。 ・背部や腹部にかゆみがあり、リンデロン塗布にて改善を図っているが、かゆみが持続している。 ・足趾や踵に乾燥やガサつきが見られ、定期的な保湿ケアが必要。趾間のジクつきはなく、清潔保持されている。") -> ・心拍数は低め（徐脈）で、測定値は46～52回/分。ただし、不整脈や胸部の不快感はなく、他のバイタルサインも安定しているため、心臓機能に大きな異常はみられない。 ・背部や腹部にかゆみがあり、リンデロン塗布にて改善を図っているが、かゆみが持続している。 ・足趾や踵に乾燥やガサつきが見られ、定期的な保湿ケアが必要。趾間のジクつきはなく、清潔保持されている。 | DL7: =IFERROR(__xludf.DUMMYFUNCTION("""COMPUTED_VALUE"""),"入力") -> 入力 | DM7: =IFERROR(__xludf.DUMMYFUNCTION("""COMPUTED_VALUE"""),"有") -> 有 | DN7: =IFERROR(__xludf.DUMMYFUNCTION("""COMPUTED_VALUE"""),"軽度") -> 軽度 | DO7: =IFERROR(__xludf.DUMMYFUNCTION("""COMPUTED_VALUE"""),"無") -> 無 | DP7: =IFERROR(__xludf.DUMMYFUNCTION("""COMPUTED_VALUE"""),"可能") -> 可能 | DQ7: =IFERROR(__xludf.DUMMYFUNCTION("""COMPUTED_VALUE"""),"可能") -> 可能 | DR7: =IFERROR(__xludf.DUMMYFUNCTION("""COMPUTED_VALUE"""),"年相応の見当識や、記銘力の低下がある。 ただ危険認識力は性格的なものなのか不明だが低下しており、何度も転倒を繰り返されている。 認知機能の低下に加え、遠慮もありNsコールをほとんど押すことはない。") -> 年相応の見当識や、記銘力の低下がある。 ただ危険認識力は性格的なものなのか不明だが低下しており、何度も転倒を繰り返されている。 認知機能の低下に加え、遠慮もありNsコールをほとんど押すことはない。 | DU7: =IFERROR(__xludf.DUMMYFUNCTION("""COMPUTED_VALUE"""),"入力") -> 入力 | DV7: =IFERROR(__xludf.DUMMYFUNCTION("""COMPUTED_VALUE"""),"何かにつかまればできる") -> 何かにつかまればできる | DW7: =IFERROR(__xludf.DUMMYFUNCTION("""COMPUTED_VALUE"""),"何かにつかまればできる") -> 何かにつかまればできる | DX7: =IFERROR(__xludf.DUMMYFUNCTION("""COMPUTED_VALUE"""),"自分の手で支えればできる") -> 自分の手で支えればできる | DY7: =IFERROR(__xludf.DUMMYFUNCTION("""COMPUTED_VALUE"""),"何かにつかまればできる") -> 何かにつかまればできる | DZ7: =IFERROR(__xludf.DUMMYFUNCTION("""COMPUTED_VALUE"""),"何か支えがあればできる") -> 何か支えがあればできる | EA7: =IFERROR(__xludf.DUMMYFUNCTION("""COMPUTED_VALUE"""),"自立") -> 自立 | EB7: =IFERROR(__xludf.DUMMYFUNCTION("""COMPUTED_VALUE"""),"自立") -> 自立 | EC7: =IFERROR(__xludf.DUMMYFUNCTION("""COMPUTED_VALUE"""),"車椅子") -> 車椅子 | ED7: =IFERROR(__xludf.DUMMYFUNCTION("""COMPUTED_VALUE"""),"全介助") -> 全介助 | EE7: =IFERROR(__xludf.DUMMYFUNCTION("""COMPUTED_VALUE"""),"車椅子") -> 車椅子 | EF7: =IFERROR(__xludf.DUMMYFUNCTION("""COMPUTED_VALUE"""),"基本動作はご自身で可能。 起立や立位保持、移乗もご自身で行われているものの、ふらつきもある。車いすの移動はご自身で操作され移動されており、居室内は転倒も少なくご自身で生活されている。 元々は独歩、伝い歩きで移動されていたが、転倒後から車いす生活となっている。") -> 基本動作はご自身で可能。 起立や立位保持、移乗もご自身で行われているものの、ふらつきもある。車いすの移動はご自身で操作され移動されており、居室内は転倒も少なくご自身で生活されている。 元々は独歩、伝い歩きで移動されていたが、転倒後から車いす生活となっている。 | EH7: =IFERROR(__xludf.DUMMYFUNCTION("""COMPUTED_VALUE"""),"入力") -> 入力 | EI7: =IFERROR(__xludf.DUMMYFUNCTION("""COMPUTED_VALUE"""),"入力") -> 入力 | EJ7: =IFERROR(__xludf.DUMMYFUNCTION("""COMPUTED_VALUE"""),"経口摂取") -> 経口摂取 | EK7: =IFERROR(__xludf.DUMMYFUNCTION("""COMPUTED_VALUE"""),"自立") -> 自立 | EL7: =IFERROR(__xludf.DUMMYFUNCTION("""COMPUTED_VALUE"""),"できる") -> できる | EM7: =IFERROR(__xludf.DUMMYFUNCTION("""COMPUTED_VALUE"""),"普通") -> 普通 | EN7: =IFERROR(__xludf.DUMMYFUNCTION("""COMPUTED_VALUE"""),"普通") -> 普通 | EO7: =IFERROR(__xludf.DUMMYFUNCTION("""COMPUTED_VALUE"""),"無") -> 無 | EP7: =IFERROR(__xludf.DUMMYFUNCTION("""COMPUTED_VALUE"""),"無") -> 無 | EQ7: =IFERROR(__xludf.DUMMYFUNCTION("""COMPUTED_VALUE"""),"箸 , スプーン") -> 箸 , スプーン | ER7: =IFERROR(__xludf.DUMMYFUNCTION("""COMPUTED_VALUE"""),"特に問題は見られない。") -> 特に問題は見られない。 | ET7: =IFERROR(__xludf.DUMMYFUNCTION("""COMPUTED_VALUE"""),"入力") -> 入力 | EZ7: =IFERROR(__xludf.DUMMYFUNCTION("""COMPUTED_VALUE"""),"今後確認を行う。") -> 今後確認を行う。 | FB7: =IFERROR(__xludf.DUMMYFUNCTION("""COMPUTED_VALUE"""),"入力") -> 入力 | FC7: =IFERROR(__xludf.DUMMYFUNCTION("""COMPUTED_VALUE"""),"一部介助") -> 一部介助 | FD7: =IFERROR(__xludf.DUMMYFUNCTION("""COMPUTED_VALUE"""),"チェアー浴") -> チェアー浴 | FE7: =IFERROR(__xludf.DUMMYFUNCTION("""COMPUTED_VALUE"""),"無") -> 無 | FG7: =IFERROR(__xludf.DUMMYFUNCTION("""COMPUTED_VALUE"""),"自立") -> 自立 | FH7: =IFERROR(__xludf.DUMMYFUNCTION("""COMPUTED_VALUE"""),"自立") -> 自立 | FI7: =IFERROR(__xludf.DUMMYFUNCTION("""COMPUTED_VALUE"""),"入浴はデイサービス利用時に職員の介助のもと大浴場にて入浴されている。 更衣に関してはご自身で着替えており、毎朝晩に洋服、パジャマに着替えを行っている。") -> 入浴はデイサービス利用時に職員の介助のもと大浴場にて入浴されている。 更衣に関してはご自身で着替えており、毎朝晩に洋服、パジャマに着替えを行っている。 | FK7: =IFERROR(__xludf.DUMMYFUNCTION("""COMPUTED_VALUE"""),"入力") -> 入力 | FL7: =IFERROR(__xludf.DUMMYFUNCTION("""COMPUTED_VALUE"""),"自立") -> 自立 | FM7: =IFERROR(__xludf.DUMMYFUNCTION("""COMPUTED_VALUE"""),"有") -> 有 | FN7: =IFERROR(__xludf.DUMMYFUNCTION("""COMPUTED_VALUE"""),"無") -> 無 | FO7: =IFERROR(__xludf.DUMMYFUNCTION("""COMPUTED_VALUE"""),"有") -> 有 | FP7: =IFERROR(__xludf.DUMMYFUNCTION("""COMPUTED_VALUE"""),"無") -> 無 | FR7: =IFERROR(__xludf.DUMMYFUNCTION("""COMPUTED_VALUE"""),"トイレ") -> トイレ | FS7: =IFERROR(__xludf.DUMMYFUNCTION("""COMPUTED_VALUE"""),"トイレ") -> トイレ | FU7: =IFERROR(__xludf.DUMMYFUNCTION("""COMPUTED_VALUE"""),"布パンツを使用されており、失禁は見られない。 ただおひとりでトイレで排泄されるため、転倒リスクは高い。") -> 布パンツを使用されており、失禁は見られない。 ただおひとりでトイレで排泄されるため、転倒リスクは高い。 | FX7: =IFERROR(__xludf.DUMMYFUNCTION("""COMPUTED_VALUE"""),"入力") -> 入力 | FY7: =IFERROR(__xludf.DUMMYFUNCTION("""COMPUTED_VALUE"""),"全介助") -> 全介助 | FZ7: =IFERROR(__xludf.DUMMYFUNCTION("""COMPUTED_VALUE"""),"全介助") -> 全介助 | GA7: =IFERROR(__xludf.DUMMYFUNCTION("""COMPUTED_VALUE"""),"全介助") -> 全介助 | GB7: =IFERROR(__xludf.DUMMYFUNCTION("""COMPUTED_VALUE"""),"全介助") -> 全介助 | GC7: =IFERROR(__xludf.DUMMYFUNCTION("""COMPUTED_VALUE"""),"全介助") -> 全介助 | GD7: =IFERROR(__xludf.DUMMYFUNCTION("""COMPUTED_VALUE"""),"すべて施設サービスを受けている。") -> すべて施設サービスを受けている。 | GG7: =IFERROR(__xludf.DUMMYFUNCTION("""COMPUTED_VALUE"""),"現在デイサービスを利用されており、集団への不適応は見られていないものの、頭痛の訴え等、何かしらの理由を付けてデイサービスを休みがち。") -> 現在デイサービスを利用されており、集団への不適応は見られていないものの、頭痛の訴え等、何かしらの理由を付けてデイサービスを休みがち。 | GH7: =IFERROR(__xludf.DUMMYFUNCTION("""COMPUTED_VALUE"""),30) -> 30
C8: =IFERROR(__xludf.DUMMYFUNCTION("""COMPUTED_VALUE"""),"河合 義子") -> 河合 義子 | D8: =IFERROR(__xludf.DUMMYFUNCTION("""COMPUTED_VALUE"""),"a78f7be4") -> a78f7be4 | I8: =IFERROR(__xludf.DUMMYFUNCTION("""COMPUTED_VALUE"""),45529) -> 45529 | J8: =IFERROR(__xludf.DUMMYFUNCTION("""COMPUTED_VALUE"""),"山川 和輝") -> 山川 和輝 | K8: =IFERROR(__xludf.DUMMYFUNCTION("""COMPUTED_VALUE"""),"ケアマネ変更") -> ケアマネ変更 | L8: =IFERROR(__xludf.DUMMYFUNCTION("""COMPUTED_VALUE"""),"本人の居室") -> 本人の居室 | Q8: =IFERROR(__xludf.DUMMYFUNCTION("""COMPUTED_VALUE"""),"入力") -> 入力 | R8: =IFERROR(__xludf.DUMMYFUNCTION("""COMPUTED_VALUE"""),"要介護３") -> 要介護３ | S8: =IFERROR(__xludf.DUMMYFUNCTION("""COMPUTED_VALUE"""),"令和6年6月27日") -> 令和6年6月27日 | T8: =IFERROR(__xludf.DUMMYFUNCTION("""COMPUTED_VALUE"""),"令和6年4月1日") -> 令和6年4月1日 | U8: =IFERROR(__xludf.DUMMYFUNCTION("""COMPUTED_VALUE"""),"令和7年3月31日") -> 令和7年3月31日 | V8: =IFERROR(__xludf.DUMMYFUNCTION("""COMPUTED_VALUE"""),"１割負担") -> １割負担 | W8: =IFERROR(__xludf.DUMMYFUNCTION("""COMPUTED_VALUE"""),"後期高齢者医療保険") -> 後期高齢者医療保険 | X8: =IFERROR(__xludf.DUMMYFUNCTION("""COMPUTED_VALUE"""),"無") -> 無 | Z8: =IFERROR(__xludf.DUMMYFUNCTION("""COMPUTED_VALUE"""),"無") -> 無 | AA8: =IFERROR(__xludf.DUMMYFUNCTION("""COMPUTED_VALUE"""),"無") -> 無 | AB8: =IFERROR(__xludf.DUMMYFUNCTION("""COMPUTED_VALUE"""),"J2") -> J2 | AC8: =IFERROR(__xludf.DUMMYFUNCTION("""COMPUTED_VALUE"""),"Ⅲb") -> Ⅲb | AE8: =IFERROR(__xludf.DUMMYFUNCTION("""COMPUTED_VALUE"""),"入力") -> 入力 | AF8: =IFERROR(__xludf.DUMMYFUNCTION("""COMPUTED_VALUE"""),"河合 紀子") -> 河合 紀子 | AG8: =IFERROR(__xludf.DUMMYFUNCTION("""COMPUTED_VALUE"""),"長男の嫁") -> 長男の嫁 | AI8: =IFERROR(__xludf.DUMMYFUNCTION("""COMPUTED_VALUE"""),"同居") -> 同居 | AJ8: =IFERROR(__xludf.DUMMYFUNCTION("""COMPUTED_VALUE"""),"介護する") -> 介護する | AK8: =IFERROR(__xludf.DUMMYFUNCTION("""COMPUTED_VALUE"""),"無") -> 無 | AL8: =IFERROR(__xludf.DUMMYFUNCTION("""COMPUTED_VALUE"""),"090-2260-4999") -> 090-2260-4999 | AM8: =IFERROR(__xludf.DUMMYFUNCTION("""COMPUTED_VALUE"""),"KP。最近リウマチを発症") -> KP。最近リウマチを発症 | AN8: =IFERROR(__xludf.DUMMYFUNCTION("""COMPUTED_VALUE"""),"河合 才和") -> 河合 才和 | AO8: =IFERROR(__xludf.DUMMYFUNCTION("""COMPUTED_VALUE"""),"長男") -> 長男 | AQ8: =IFERROR(__xludf.DUMMYFUNCTION("""COMPUTED_VALUE"""),"同居") -> 同居 | AR8: =IFERROR(__xludf.DUMMYFUNCTION("""COMPUTED_VALUE"""),"介護しない") -> 介護しない | AS8: =IFERROR(__xludf.DUMMYFUNCTION("""COMPUTED_VALUE"""),"有") -> 有 | AT8: =IFERROR(__xludf.DUMMYFUNCTION("""COMPUTED_VALUE"""),"090-3389-7915") -> 090-3389-7915 | AU8: =IFERROR(__xludf.DUMMYFUNCTION("""COMPUTED_VALUE"""),"本人と関わりを持たない。") -> 本人と関わりを持たない。 | AW8: =IFERROR(__xludf.DUMMYFUNCTION("""COMPUTED_VALUE"""),"入力") -> 入力 | AX8: =IFERROR(__xludf.DUMMYFUNCTION("""COMPUTED_VALUE"""),"家族同居") -> 家族同居 | AY8: =IFERROR(__xludf.DUMMYFUNCTION("""COMPUTED_VALUE"""),"一戸建て") -> 一戸建て | BA8: =IFERROR(__xludf.DUMMYFUNCTION("""COMPUTED_VALUE"""),"所有") -> 所有 | BB8: =IFERROR(__xludf.DUMMYFUNCTION("""COMPUTED_VALUE"""),"有") -> 有 | BC8: =IFERROR(__xludf.DUMMYFUNCTION("""COMPUTED_VALUE"""),"有") -> 有 | BD8: =IFERROR(__xludf.DUMMYFUNCTION("""COMPUTED_VALUE"""),"補高便座") -> 補高便座 | BG8: =IFERROR(__xludf.DUMMYFUNCTION("""COMPUTED_VALUE"""),"有") -> 有 | BH8: =IFERROR(__xludf.DUMMYFUNCTION("""COMPUTED_VALUE"""),"手すり無") -> 手すり無 | BI8: =IFERROR(__xludf.DUMMYFUNCTION("""COMPUTED_VALUE"""),"ベッド") -> ベッド | BJ8: =IFERROR(__xludf.DUMMYFUNCTION("""COMPUTED_VALUE"""),"無") -> 無 | BK8: =IFERROR(__xludf.DUMMYFUNCTION("""COMPUTED_VALUE"""),"有") -> 有 | BL8: =IFERROR(__xludf.DUMMYFUNCTION("""COMPUTED_VALUE"""),"有") -> 有 | BO8: =IFERROR(__xludf.DUMMYFUNCTION("""COMPUTED_VALUE"""),"入力") -> 入力 | BP8: =IFERROR(__xludf.DUMMYFUNCTION("""COMPUTED_VALUE"""),"通所介護") -> 通所介護 | BR8: =IFERROR(__xludf.DUMMYFUNCTION("""COMPUTED_VALUE"""),"住宅改修9/6着工") -> 住宅改修9/6着工 | BT8: =IFERROR(__xludf.DUMMYFUNCTION("""COMPUTED_VALUE"""),"デイサービスを利用し他者との交流あり。トラブル等はなし。") -> デイサービスを利用し他者との交流あり。トラブル等はなし。 | BW8: =IFERROR(__xludf.DUMMYFUNCTION("""COMPUTED_VALUE"""),"入力") -> 入力 | BX8: =IFERROR(__xludf.DUMMYFUNCTION("""COMPUTED_VALUE"""),"高血圧症") -> 高血圧症 | BY8: =IFERROR(__xludf.DUMMYFUNCTION("""COMPUTED_VALUE"""),"不詳") -> 不詳 | BZ8: =IFERROR(__xludf.DUMMYFUNCTION("""COMPUTED_VALUE"""),"蓄膿症") -> 蓄膿症 | CA8: =IFERROR(__xludf.DUMMYFUNCTION("""COMPUTED_VALUE"""),"不詳") -> 不詳 | CB8: =IFERROR(__xludf.DUMMYFUNCTION("""COMPUTED_VALUE"""),"手足のしびれ、痛み") -> 手足のしびれ、痛み | CC8: =IFERROR(__xludf.DUMMYFUNCTION("""COMPUTED_VALUE"""),"不詳") -> 不詳 | CJ8: =IFERROR(__xludf.DUMMYFUNCTION("""COMPUTED_VALUE"""),"主治医は寺田医院。何か体調に変化があればお嫁様の付き添いで受診。しのぎ耳鼻科と新町整形外科は服薬がなくなりそうなときに受診を行っている。") -> 主治医は寺田医院。何か体調に変化があればお嫁様の付き添いで受診。しのぎ耳鼻科と新町整形外科は服薬がなくなりそうなときに受診を行っている。 | CS8: =IFERROR(__xludf.DUMMYFUNCTION("""COMPUTED_VALUE"""),"特になし。") -> 特になし。 | CT8: =IFERROR(__xludf.DUMMYFUNCTION("""COMPUTED_VALUE"""),"服薬管理はもともとご自身で行っていたが、飲み忘れが増えたことで、鳥羽に住む娘様が2週間に1度自宅へ来られて管理している。") -> 服薬管理はもともとご自身で行っていたが、飲み忘れが増えたことで、鳥羽に住む娘様が2週間に1度自宅へ来られて管理している。 | CX8: =IFERROR(__xludf.DUMMYFUNCTION("""COMPUTED_VALUE"""),"入力") -> 入力 | CY8: =IFERROR(__xludf.DUMMYFUNCTION("""COMPUTED_VALUE"""),"無") -> 無 | CZ8: =IFERROR(__xludf.DUMMYFUNCTION("""COMPUTED_VALUE"""),"無") -> 無 | DA8: =IFERROR(__xludf.DUMMYFUNCTION("""COMPUTED_VALUE"""),"無") -> 無 | DB8: =IFERROR(__xludf.DUMMYFUNCTION("""COMPUTED_VALUE"""),"特になし") -> 特になし | DC8: =IFERROR(__xludf.DUMMYFUNCTION("""COMPUTED_VALUE"""),"右手足の痛み、しびれあり") -> 右手足の痛み、しびれあり | DF8: =IFERROR(__xludf.DUMMYFUNCTION("""COMPUTED_VALUE"""),"大きい字は可") -> 大きい字は可 | DG8: =IFERROR(__xludf.DUMMYFUNCTION("""COMPUTED_VALUE"""),"有") -> 有 | DH8: =IFERROR(__xludf.DUMMYFUNCTION("""COMPUTED_VALUE"""),"大きい声は可") -> 大きい声は可 | DI8: =IFERROR(__xludf.DUMMYFUNCTION("""COMPUTED_VALUE"""),"無") -> 無 | DJ8: =IFERROR(__xludf.DUMMYFUNCTION("""COMPUTED_VALUE"""),"原因不明の右手足のしびれや痛みがある。高血圧症があり降圧剤が処方されているが、時折血圧が低値になることがある。 難聴があり大きなことでお話しする必要がある。") -> 原因不明の右手足のしびれや痛みがある。高血圧症があり降圧剤が処方されているが、時折血圧が低値になることがある。 難聴があり大きなことでお話しする必要がある。 | DL8: =IFERROR(__xludf.DUMMYFUNCTION("""COMPUTED_VALUE"""),"入力") -> 入力 | DM8: =IFERROR(__xludf.DUMMYFUNCTION("""COMPUTED_VALUE"""),"有") -> 有 | DN8: =IFERROR(__xludf.DUMMYFUNCTION("""COMPUTED_VALUE"""),"中等度") -> 中等度 | DO8: =IFERROR(__xludf.DUMMYFUNCTION("""COMPUTED_VALUE"""),"無") -> 無 | DP8: =IFERROR(__xludf.DUMMYFUNCTION("""COMPUTED_VALUE"""),"可能") -> 可能 | DQ8: =IFERROR(__xludf.DUMMYFUNCTION("""COMPUTED_VALUE"""),"その場のみ可") -> その場のみ可 | DR8: =IFERROR(__xludf.DUMMYFUNCTION("""COMPUTED_VALUE"""),"記憶力の低下や記銘力が年相応かそれ以上に低下がみられる。") -> 記憶力の低下や記銘力が年相応かそれ以上に低下がみられる。 | DU8: =IFERROR(__xludf.DUMMYFUNCTION("""COMPUTED_VALUE"""),"入力") -> 入力 | DV8: =IFERROR(__xludf.DUMMYFUNCTION("""COMPUTED_VALUE"""),"何かにつかまればできる") -> 何かにつかまればできる | DW8: =IFERROR(__xludf.DUMMYFUNCTION("""COMPUTED_VALUE"""),"何かにつかまればできる") -> 何かにつかまればできる | DX8: =IFERROR(__xludf.DUMMYFUNCTION("""COMPUTED_VALUE"""),"自分の手で支えればできる") -> 自分の手で支えればできる | DY8: =IFERROR(__xludf.DUMMYFUNCTION("""COMPUTED_VALUE"""),"何かにつかまればできる") -> 何かにつかまればできる | DZ8: =IFERROR(__xludf.DUMMYFUNCTION("""COMPUTED_VALUE"""),"何か支えがあればできる") -> 何か支えがあればできる | EA8: =IFERROR(__xludf.DUMMYFUNCTION("""COMPUTED_VALUE"""),"自立") -> 自立 | EB8: =IFERROR(__xludf.DUMMYFUNCTION("""COMPUTED_VALUE"""),"自立") -> 自立 | EC8: =IFERROR(__xludf.DUMMYFUNCTION("""COMPUTED_VALUE"""),"独歩") -> 独歩 | ED8: =IFERROR(__xludf.DUMMYFUNCTION("""COMPUTED_VALUE"""),"一部介助") -> 一部介助 | EE8: =IFERROR(__xludf.DUMMYFUNCTION("""COMPUTED_VALUE"""),"歩行器") -> 歩行器 | EF8: =IFERROR(__xludf.DUMMYFUNCTION("""COMPUTED_VALUE"""),"室内移動は、床を這って移動。伝い歩きも可能だが転倒リスクが高く、また本人曰く這って移動したほうが早い。と言われている。屋外はシルバーカーを使用して何とかご自身で歩けているものの、長距離の移動は介助を要す。") -> 室内移動は、床を這って移動。伝い歩きも可能だが転倒リスクが高く、また本人曰く這って移動したほうが早い。と言われている。屋外はシルバーカーを使用して何とかご自身で歩けているものの、長距離の移動は介助を要す。 | EH8: =IFERROR(__xludf.DUMMYFUNCTION("""COMPUTED_VALUE"""),"入力") -> 入力 | EI8: =IFERROR(__xludf.DUMMYFUNCTION("""COMPUTED_VALUE"""),"入力") -> 入力 | EJ8: =IFERROR(__xludf.DUMMYFUNCTION("""COMPUTED_VALUE"""),"経口摂取") -> 経口摂取 | EK8: =IFERROR(__xludf.DUMMYFUNCTION("""COMPUTED_VALUE"""),"自立") -> 自立 | EL8: =IFERROR(__xludf.DUMMYFUNCTION("""COMPUTED_VALUE"""),"できる") -> できる | EM8: =IFERROR(__xludf.DUMMYFUNCTION("""COMPUTED_VALUE"""),"普通") -> 普通 | EN8: =IFERROR(__xludf.DUMMYFUNCTION("""COMPUTED_VALUE"""),"普通") -> 普通 | EO8: =IFERROR(__xludf.DUMMYFUNCTION("""COMPUTED_VALUE"""),"無") -> 無 | EP8: =IFERROR(__xludf.DUMMYFUNCTION("""COMPUTED_VALUE"""),"無") -> 無 | EQ8: =IFERROR(__xludf.DUMMYFUNCTION("""COMPUTED_VALUE"""),"箸 , スプーン") -> 箸 , スプーン | ER8: =IFERROR(__xludf.DUMMYFUNCTION("""COMPUTED_VALUE"""),"食事は長男の妻が準備している。 ご自身で問題なく食べることができる。") -> 食事は長男の妻が準備している。 ご自身で問題なく食べることができる。 | ET8: =IFERROR(__xludf.DUMMYFUNCTION("""COMPUTED_VALUE"""),"入力") -> 入力 | EU8: =IFERROR(__xludf.DUMMYFUNCTION("""COMPUTED_VALUE"""),"自立") -> 自立 | EZ8: =IFERROR(__xludf.DUMMYFUNCTION("""COMPUTED_VALUE"""),"ご自身で行えていると言われているが、詳細は不明。") -> ご自身で行えていると言われているが、詳細は不明。 | FB8: =IFERROR(__xludf.DUMMYFUNCTION("""COMPUTED_VALUE"""),"入力") -> 入力 | FC8: =IFERROR(__xludf.DUMMYFUNCTION("""COMPUTED_VALUE"""),"一部介助") -> 一部介助 | FD8: =IFERROR(__xludf.DUMMYFUNCTION("""COMPUTED_VALUE"""),"チェアー浴") -> チェアー浴 | FE8: =IFERROR(__xludf.DUMMYFUNCTION("""COMPUTED_VALUE"""),"無") -> 無 | FG8: =IFERROR(__xludf.DUMMYFUNCTION("""COMPUTED_VALUE"""),"一部介助") -> 一部介助 | FH8: =IFERROR(__xludf.DUMMYFUNCTION("""COMPUTED_VALUE"""),"一部介助") -> 一部介助 | FI8: =IFERROR(__xludf.DUMMYFUNCTION("""COMPUTED_VALUE"""),"入浴は安濃津デイを利用した際に、介助を受けながら入浴している。更衣もご自身で行うことは困難なため介助を受けている。") -> 入浴は安濃津デイを利用した際に、介助を受けながら入浴している。更衣もご自身で行うことは困難なため介助を受けている。 | FK8: =IFERROR(__xludf.DUMMYFUNCTION("""COMPUTED_VALUE"""),"入力") -> 入力 | FL8: =IFERROR(__xludf.DUMMYFUNCTION("""COMPUTED_VALUE"""),"一部介助") -> 一部介助 | FM8: =IFERROR(__xludf.DUMMYFUNCTION("""COMPUTED_VALUE"""),"有") -> 有 | FN8: =IFERROR(__xludf.DUMMYFUNCTION("""COMPUTED_VALUE"""),"有") -> 有 | FO8: =IFERROR(__xludf.DUMMYFUNCTION("""COMPUTED_VALUE"""),"有") -> 有 | FP8: =IFERROR(__xludf.DUMMYFUNCTION("""COMPUTED_VALUE"""),"有") -> 有 | FR8: =IFERROR(__xludf.DUMMYFUNCTION("""COMPUTED_VALUE"""),"トイレ") -> トイレ | FS8: =IFERROR(__xludf.DUMMYFUNCTION("""COMPUTED_VALUE"""),"トイレ") -> トイレ | FT8: =IFERROR(__xludf.DUMMYFUNCTION("""COMPUTED_VALUE"""),"リハビリパンツ") -> リハビリパンツ | FU8: =IFERROR(__xludf.DUMMYFUNCTION("""COMPUTED_VALUE"""),"トイレは屋外にあり、今までは失禁はあったもののトイレで排泄を行っていたが、最近では間に合わないことが失禁し床や畳が汚れてしまうことが多々あった。お嫁様がお掃除を行っていたが介護負担が多かった。最近はトイレまで行くことはできず、リハビリパンツ内に失禁されている。ご自身でパンツの交換は行えている。") -> トイレは屋外にあり、今までは失禁はあったもののトイレで排泄を行っていたが、最近では間に合わないことが失禁し床や畳が汚れてしまうことが多々あった。お嫁様がお掃除を行っていたが介護負担が多かった。最近はトイレまで行くことはできず、リハビリパンツ内に失禁されている。ご自身でパンツの交換は行えている。 | FX8: =IFERROR(__xludf.DUMMYFUNCTION("""COMPUTED_VALUE"""),"入力") -> 入力 | FY8: =IFERROR(__xludf.DUMMYFUNCTION("""COMPUTED_VALUE"""),"全介助") -> 全介助 | FZ8: =IFERROR(__xludf.DUMMYFUNCTION("""COMPUTED_VALUE"""),"全介助") -> 全介助 | GA8: =IFERROR(__xludf.DUMMYFUNCTION("""COMPUTED_VALUE"""),"全介助") -> 全介助 | GB8: =IFERROR(__xludf.DUMMYFUNCTION("""COMPUTED_VALUE"""),"全介助") -> 全介助 | GC8: =IFERROR(__xludf.DUMMYFUNCTION("""COMPUTED_VALUE"""),"全介助") -> 全介助 | GD8: =IFERROR(__xludf.DUMMYFUNCTION("""COMPUTED_VALUE"""),"すべて長男のお嫁様が行っている。") -> すべて長男のお嫁様が行っている。 | GG8: =IFERROR(__xludf.DUMMYFUNCTION("""COMPUTED_VALUE"""),"KPは長男のお嫁様だが、最近リウマチを発症して、それ以降治療等で疲労され介護を行うことが困難となった。同時期にこれ以上自宅で生活することが難しい状況となられたため特養の申し込みを行った。 特養に入るまでの間、ロングショートステイの希望があるため、現在調整を行っている。 お嫁様の性格が少し特殊で、慣れるまでは気難しく感じることが多々あった。") -> KPは長男のお嫁様だが、最近リウマチを発症して、それ以降治療等で疲労され介護を行うことが困難となった。同時期にこれ以上自宅で生活することが難しい状況となられたため特養の申し込みを行った。 特養に入るまでの間、ロングショートステイの希望があるため、現在調整を行っている。 お嫁様の性格が少し特殊で、慣れるまでは気難しく感じることが多々あった。 | GH8: =IFERROR(__xludf.DUMMYFUNCTION("""COMPUTED_VALUE"""),30) -> 30
C9: =IFERROR(__xludf.DUMMYFUNCTION("""COMPUTED_VALUE"""),"市瀬 八須子") -> 市瀬 八須子 | D9: =IFERROR(__xludf.DUMMYFUNCTION("""COMPUTED_VALUE"""),"33d6d0a1") -> 33d6d0a1 | I9: =IFERROR(__xludf.DUMMYFUNCTION("""COMPUTED_VALUE"""),45544) -> 45544 | J9: =IFERROR(__xludf.DUMMYFUNCTION("""COMPUTED_VALUE"""),"山川 和輝") -> 山川 和輝 | K9: =IFERROR(__xludf.DUMMYFUNCTION("""COMPUTED_VALUE"""),"新規") -> 新規 | L9: =IFERROR(__xludf.DUMMYFUNCTION("""COMPUTED_VALUE"""),"入院先の病院") -> 入院先の病院 | M9: =IFERROR(__xludf.DUMMYFUNCTION("""COMPUTED_VALUE"""),"令和6年5月26日、自宅にて転倒し三重中央医療センターへ搬送。左大腿骨転子部骨折、左橈骨遠位端骨折、左踵骨骨折の診断にて手術を施行。7月3日にリハビリ目的で大門病院へ転院となる。今後自宅で生活することは困難であり、安濃津ろまんを申し込まれた。") -> 令和6年5月26日、自宅にて転倒し三重中央医療センターへ搬送。左大腿骨転子部骨折、左橈骨遠位端骨折、左踵骨骨折の診断にて手術を施行。7月3日にリハビリ目的で大門病院へ転院となる。今後自宅で生活することは困難であり、安濃津ろまんを申し込まれた。 | N9: =IFERROR(__xludf.DUMMYFUNCTION("""COMPUTED_VALUE"""),"施設で転ばずに安全に生活したいと思っています。") -> 施設で転ばずに安全に生活したいと思っています。 | Q9: =IFERROR(__xludf.DUMMYFUNCTION("""COMPUTED_VALUE"""),"入力") -> 入力 | R9: =IFERROR(__xludf.DUMMYFUNCTION("""COMPUTED_VALUE"""),"要介護２") -> 要介護２ | S9: =IFERROR(__xludf.DUMMYFUNCTION("""COMPUTED_VALUE"""),"令和6年8月20日") -> 令和6年8月20日 | T9: =IFERROR(__xludf.DUMMYFUNCTION("""COMPUTED_VALUE"""),"令和6年7月1日") -> 令和6年7月1日 | U9: =IFERROR(__xludf.DUMMYFUNCTION("""COMPUTED_VALUE"""),"令和7年7月31日") -> 令和7年7月31日 | V9: =IFERROR(__xludf.DUMMYFUNCTION("""COMPUTED_VALUE"""),"１割負担") -> １割負担 | W9: =IFERROR(__xludf.DUMMYFUNCTION("""COMPUTED_VALUE"""),"後期高齢者医療保険") -> 後期高齢者医療保険 | X9: =IFERROR(__xludf.DUMMYFUNCTION("""COMPUTED_VALUE"""),"無") -> 無 | Z9: =IFERROR(__xludf.DUMMYFUNCTION("""COMPUTED_VALUE"""),"無") -> 無 | AA9: =IFERROR(__xludf.DUMMYFUNCTION("""COMPUTED_VALUE"""),"無") -> 無 | AE9: =IFERROR(__xludf.DUMMYFUNCTION("""COMPUTED_VALUE"""),"入力") -> 入力 | AF9: =IFERROR(__xludf.DUMMYFUNCTION("""COMPUTED_VALUE"""),"市瀬 久照") -> 市瀬 久照 | AG9: =IFERROR(__xludf.DUMMYFUNCTION("""COMPUTED_VALUE"""),"子") -> 子 | AI9: =IFERROR(__xludf.DUMMYFUNCTION("""COMPUTED_VALUE"""),"別居") -> 別居 | AJ9: =IFERROR(__xludf.DUMMYFUNCTION("""COMPUTED_VALUE"""),"介護する") -> 介護する | AL9: =IFERROR(__xludf.DUMMYFUNCTION("""COMPUTED_VALUE"""),"090-8959-8652") -> 090-8959-8652 | AM9: =IFERROR(__xludf.DUMMYFUNCTION("""COMPUTED_VALUE"""),"KP。津市在住") -> KP。津市在住 | AN9: =IFERROR(__xludf.DUMMYFUNCTION("""COMPUTED_VALUE"""),"前川 由美子") -> 前川 由美子 | AO9: =IFERROR(__xludf.DUMMYFUNCTION("""COMPUTED_VALUE"""),"子") -> 子 | AQ9: =IFERROR(__xludf.DUMMYFUNCTION("""COMPUTED_VALUE"""),"別居") -> 別居 | AR9: =IFERROR(__xludf.DUMMYFUNCTION("""COMPUTED_VALUE"""),"介護する") -> 介護する | AT9: =IFERROR(__xludf.DUMMYFUNCTION("""COMPUTED_VALUE"""),"090-2773-6461") -> 090-2773-6461 | AU9: =IFERROR(__xludf.DUMMYFUNCTION("""COMPUTED_VALUE"""),"松阪市在住") -> 松阪市在住 | AW9: =IFERROR(__xludf.DUMMYFUNCTION("""COMPUTED_VALUE"""),"入力") -> 入力 | AX9: =IFERROR(__xludf.DUMMYFUNCTION("""COMPUTED_VALUE"""),"一人暮らし") -> 一人暮らし | AY9: =IFERROR(__xludf.DUMMYFUNCTION("""COMPUTED_VALUE"""),"集合住宅") -> 集合住宅 | AZ9: =IFERROR(__xludf.DUMMYFUNCTION("""COMPUTED_VALUE"""),"エレベーター有") -> エレベーター有 | BA9: =IFERROR(__xludf.DUMMYFUNCTION("""COMPUTED_VALUE"""),"賃貸") -> 賃貸 | BB9: =IFERROR(__xludf.DUMMYFUNCTION("""COMPUTED_VALUE"""),"有") -> 有 | BC9: =IFERROR(__xludf.DUMMYFUNCTION("""COMPUTED_VALUE"""),"有") -> 有 | BD9: =IFERROR(__xludf.DUMMYFUNCTION("""COMPUTED_VALUE"""),"ウォシュレット") -> ウォシュレット | BG9: =IFERROR(__xludf.DUMMYFUNCTION("""COMPUTED_VALUE"""),"有") -> 有 | BH9: =IFERROR(__xludf.DUMMYFUNCTION("""COMPUTED_VALUE"""),"手すり有") -> 手すり有 | BI9: =IFERROR(__xludf.DUMMYFUNCTION("""COMPUTED_VALUE"""),"リクライニングベッド") -> リクライニングベッド | BJ9: =IFERROR(__xludf.DUMMYFUNCTION("""COMPUTED_VALUE"""),"無") -> 無 | BK9: =IFERROR(__xludf.DUMMYFUNCTION("""COMPUTED_VALUE"""),"無") -> 無 | BL9: =IFERROR(__xludf.DUMMYFUNCTION("""COMPUTED_VALUE"""),"無") -> 無 | BO9: =IFERROR(__xludf.DUMMYFUNCTION("""COMPUTED_VALUE"""),"入力") -> 入力 | BW9: =IFERROR(__xludf.DUMMYFUNCTION("""COMPUTED_VALUE"""),"入力") -> 入力 | BX9: =IFERROR(__xludf.DUMMYFUNCTION("""COMPUTED_VALUE"""),"左大腿骨転子部骨折（OPE)") -> 左大腿骨転子部骨折（OPE) | BY9: =IFERROR(__xludf.DUMMYFUNCTION("""COMPUTED_VALUE"""),"令和6年5月26日") -> 令和6年5月26日 | BZ9: =IFERROR(__xludf.DUMMYFUNCTION("""COMPUTED_VALUE"""),"左橈骨遠位端骨折") -> 左橈骨遠位端骨折 | CA9: =IFERROR(__xludf.DUMMYFUNCTION("""COMPUTED_VALUE"""),"令和6年5月26日") -> 令和6年5月26日 | CB9: =IFERROR(__xludf.DUMMYFUNCTION("""COMPUTED_VALUE"""),"左踵骨骨折（保存療法）") -> 左踵骨骨折（保存療法） | CC9: =IFERROR(__xludf.DUMMYFUNCTION("""COMPUTED_VALUE"""),"令和6年5月26日") -> 令和6年5月26日 | CJ9: =IFERROR(__xludf.DUMMYFUNCTION("""COMPUTED_VALUE"""),"主治医は遠山病院。退院後は、骨折の経過を見て頂くために三重中央医療センターを受診予定。 今後主治医は加藤医院に変更。") -> 主治医は遠山病院。退院後は、骨折の経過を見て頂くために三重中央医療センターを受診予定。 今後主治医は加藤医院に変更。 | CS9: =IFERROR(__xludf.DUMMYFUNCTION("""COMPUTED_VALUE"""),"乳がん（平成24年 遠山病院）、硬膜動静脈瘻（平成28年 三重大学病院）、骨粗鬆症、高血圧症、不眠症、頻尿") -> 乳がん（平成24年 遠山病院）、硬膜動静脈瘻（平成28年 三重大学病院）、骨粗鬆症、高血圧症、不眠症、頻尿 | CT9: =IFERROR(__xludf.DUMMYFUNCTION("""COMPUTED_VALUE"""),"高血圧の内服等を内服している。") -> 高血圧の内服等を内服している。 | CX9: =IFERROR(__xludf.DUMMYFUNCTION("""COMPUTED_VALUE"""),"入力") -> 入力 | CY9: =IFERROR(__xludf.DUMMYFUNCTION("""COMPUTED_VALUE"""),"無") -> 無 | CZ9: =IFERROR(__xludf.DUMMYFUNCTION("""COMPUTED_VALUE"""),"無") -> 無 | DA9: =IFERROR(__xludf.DUMMYFUNCTION("""COMPUTED_VALUE"""),"無") -> 無 | DB9: =IFERROR(__xludf.DUMMYFUNCTION("""COMPUTED_VALUE"""),"なし") -> なし | DC9: =IFERROR(__xludf.DUMMYFUNCTION("""COMPUTED_VALUE"""),"なし") -> なし | DF9: =IFERROR(__xludf.DUMMYFUNCTION("""COMPUTED_VALUE"""),"正常") -> 正常 | DG9: =IFERROR(__xludf.DUMMYFUNCTION("""COMPUTED_VALUE"""),"無") -> 無 | DH9: =IFERROR(__xludf.DUMMYFUNCTION("""COMPUTED_VALUE"""),"正常") -> 正常 | DI9: =IFERROR(__xludf.DUMMYFUNCTION("""COMPUTED_VALUE"""),"無") -> 無 | DJ9: =IFERROR(__xludf.DUMMYFUNCTION("""COMPUTED_VALUE"""),"左大腿骨は術後経過良好。現在全荷重が許可されている。 左手は可動域制限や、禁忌（プッシュアップ）があり、補助手レベルでしか使用できない。 痛みの訴えはなし。") -> 左大腿骨は術後経過良好。現在全荷重が許可されている。 左手は可動域制限や、禁忌（プッシュアップ）があり、補助手レベルでしか使用できない。 痛みの訴えはなし。 | DL9: =IFERROR(__xludf.DUMMYFUNCTION("""COMPUTED_VALUE"""),"入力") -> 入力 | DM9: =IFERROR(__xludf.DUMMYFUNCTION("""COMPUTED_VALUE"""),"無") -> 無 | DN9: =IFERROR(__xludf.DUMMYFUNCTION("""COMPUTED_VALUE"""),"軽度") -> 軽度 | DO9: =IFERROR(__xludf.DUMMYFUNCTION("""COMPUTED_VALUE"""),"無") -> 無 | DP9: =IFERROR(__xludf.DUMMYFUNCTION("""COMPUTED_VALUE"""),"可能") -> 可能 | DQ9: =IFERROR(__xludf.DUMMYFUNCTION("""COMPUTED_VALUE"""),"可能") -> 可能 | DR9: =IFERROR(__xludf.DUMMYFUNCTION("""COMPUTED_VALUE"""),"年相応の認知機能の低下はあるものの、日常生活に支障が出るほどではない。") -> 年相応の認知機能の低下はあるものの、日常生活に支障が出るほどではない。 | DU9: =IFERROR(__xludf.DUMMYFUNCTION("""COMPUTED_VALUE"""),"入力") -> 入力 | DV9: =IFERROR(__xludf.DUMMYFUNCTION("""COMPUTED_VALUE"""),"何かにつかまればできる") -> 何かにつかまればできる | DW9: =IFERROR(__xludf.DUMMYFUNCTION("""COMPUTED_VALUE"""),"何かにつかまればできる") -> 何かにつかまればできる | DX9: =IFERROR(__xludf.DUMMYFUNCTION("""COMPUTED_VALUE"""),"自分の手で支えればできる") -> 自分の手で支えればできる | DY9: =IFERROR(__xludf.DUMMYFUNCTION("""COMPUTED_VALUE"""),"何かにつかまればできる") -> 何かにつかまればできる | DZ9: =IFERROR(__xludf.DUMMYFUNCTION("""COMPUTED_VALUE"""),"何か支えがあればできる") -> 何か支えがあればできる | EA9: =IFERROR(__xludf.DUMMYFUNCTION("""COMPUTED_VALUE"""),"見守り") -> 見守り | EB9: =IFERROR(__xludf.DUMMYFUNCTION("""COMPUTED_VALUE"""),"見守り") -> 見守り | EC9: =IFERROR(__xludf.DUMMYFUNCTION("""COMPUTED_VALUE"""),"歩行器") -> 歩行器 | ED9: =IFERROR(__xludf.DUMMYFUNCTION("""COMPUTED_VALUE"""),"全介助") -> 全介助 | EE9: =IFERROR(__xludf.DUMMYFUNCTION("""COMPUTED_VALUE"""),"車椅子") -> 車椅子 | EF9: =IFERROR(__xludf.DUMMYFUNCTION("""COMPUTED_VALUE"""),"基本動作はご自身で可能だが、左手を使用することが難しいため動作は緩慢。移動は歩行器を使用して自立レベル。 病院では安全性を取って見守りを行っている。 歩行は小刻みで、すり足傾向。時折つまずきや自身の靴を踏んでしまうこと見られる。方向転換の際に身体が後方に傾くことがあり注意が必要。 動作は全体的に緩慢であるが比較的安定している。") -> 基本動作はご自身で可能だが、左手を使用することが難しいため動作は緩慢。移動は歩行器を使用して自立レベル。 病院では安全性を取って見守りを行っている。 歩行は小刻みで、すり足傾向。時折つまずきや自身の靴を踏んでしまうこと見られる。方向転換の際に身体が後方に傾くことがあり注意が必要。 動作は全体的に緩慢であるが比較的安定している。 | EH9: =IFERROR(__xludf.DUMMYFUNCTION("""COMPUTED_VALUE"""),"入力") -> 入力 | EI9: =IFERROR(__xludf.DUMMYFUNCTION("""COMPUTED_VALUE"""),"入力") -> 入力 | EJ9: =IFERROR(__xludf.DUMMYFUNCTION("""COMPUTED_VALUE"""),"経口摂取") -> 経口摂取 | EK9: =IFERROR(__xludf.DUMMYFUNCTION("""COMPUTED_VALUE"""),"自立") -> 自立 | EL9: =IFERROR(__xludf.DUMMYFUNCTION("""COMPUTED_VALUE"""),"できる") -> できる | EM9: =IFERROR(__xludf.DUMMYFUNCTION("""COMPUTED_VALUE"""),"普通") -> 普通 | EN9: =IFERROR(__xludf.DUMMYFUNCTION("""COMPUTED_VALUE"""),"普通") -> 普通 | EO9: =IFERROR(__xludf.DUMMYFUNCTION("""COMPUTED_VALUE"""),"無") -> 無 | EP9: =IFERROR(__xludf.DUMMYFUNCTION("""COMPUTED_VALUE"""),"無") -> 無 | EQ9: =IFERROR(__xludf.DUMMYFUNCTION("""COMPUTED_VALUE"""),"箸 , スプーン") -> 箸 , スプーン | ER9: =IFERROR(__xludf.DUMMYFUNCTION("""COMPUTED_VALUE"""),"食事は問題なし。") -> 食事は問題なし。 | ET9: =IFERROR(__xludf.DUMMYFUNCTION("""COMPUTED_VALUE"""),"入力") -> 入力 | EU9: =IFERROR(__xludf.DUMMYFUNCTION("""COMPUTED_VALUE"""),"見守り") -> 見守り | EW9: =IFERROR(__xludf.DUMMYFUNCTION("""COMPUTED_VALUE"""),"有") -> 有 | EX9: =IFERROR(__xludf.DUMMYFUNCTION("""COMPUTED_VALUE"""),"部分義歯") -> 部分義歯 | EY9: =IFERROR(__xludf.DUMMYFUNCTION("""COMPUTED_VALUE"""),"上下") -> 上下 | EZ9: =IFERROR(__xludf.DUMMYFUNCTION("""COMPUTED_VALUE"""),"部分義歯があるが、現在は合っておらず使用していない。 退院後は新しく作成を希望されている。") -> 部分義歯があるが、現在は合っておらず使用していない。 退院後は新しく作成を希望されている。 | FB9: =IFERROR(__xludf.DUMMYFUNCTION("""COMPUTED_VALUE"""),"入力") -> 入力 | FC9: =IFERROR(__xludf.DUMMYFUNCTION("""COMPUTED_VALUE"""),"一部介助") -> 一部介助 | FD9: =IFERROR(__xludf.DUMMYFUNCTION("""COMPUTED_VALUE"""),"シャワー浴") -> シャワー浴 | FE9: =IFERROR(__xludf.DUMMYFUNCTION("""COMPUTED_VALUE"""),"無") -> 無 | FG9: =IFERROR(__xludf.DUMMYFUNCTION("""COMPUTED_VALUE"""),"見守り") -> 見守り | FH9: =IFERROR(__xludf.DUMMYFUNCTION("""COMPUTED_VALUE"""),"一部介助") -> 一部介助 | FI9: =IFERROR(__xludf.DUMMYFUNCTION("""COMPUTED_VALUE"""),"現在入浴はシャワーのみとなっているが、退院後は湯舟に入れるなら入りたいと希望あり。 洗身動作や更衣は一部介助が必要。") -> 現在入浴はシャワーのみとなっているが、退院後は湯舟に入れるなら入りたいと希望あり。 洗身動作や更衣は一部介助が必要。 | FK9: =IFERROR(__xludf.DUMMYFUNCTION("""COMPUTED_VALUE"""),"入力") -> 入力 | FL9: =IFERROR(__xludf.DUMMYFUNCTION("""COMPUTED_VALUE"""),"見守り") -> 見守り | FM9: =IFERROR(__xludf.DUMMYFUNCTION("""COMPUTED_VALUE"""),"有") -> 有 | FN9: =IFERROR(__xludf.DUMMYFUNCTION("""COMPUTED_VALUE"""),"無") -> 無 | FO9: =IFERROR(__xludf.DUMMYFUNCTION("""COMPUTED_VALUE"""),"有") -> 有 | FP9: =IFERROR(__xludf.DUMMYFUNCTION("""COMPUTED_VALUE"""),"無") -> 無 | FQ9: =IFERROR(__xludf.DUMMYFUNCTION("""COMPUTED_VALUE"""),"普通便") -> 普通便 | FR9: =IFERROR(__xludf.DUMMYFUNCTION("""COMPUTED_VALUE"""),"トイレ") -> トイレ | FS9: =IFERROR(__xludf.DUMMYFUNCTION("""COMPUTED_VALUE"""),"トイレ") -> トイレ | FU9: =IFERROR(__xludf.DUMMYFUNCTION("""COMPUTED_VALUE"""),"失禁はないため布パンツを使用。 Nsコールをしっかり押すことができるため、病院では見守りで行っているものの、トイレ動作は自立されている。 毎日酸化マグネシウム錠を飲んでおり、便は3日以上でないことはない。") -> 失禁はないため布パンツを使用。 Nsコールをしっかり押すことができるため、病院では見守りで行っているものの、トイレ動作は自立されている。 毎日酸化マグネシウム錠を飲んでおり、便は3日以上でないことはない。 | FX9: =IFERROR(__xludf.DUMMYFUNCTION("""COMPUTED_VALUE"""),"入力") -> 入力 | FY9: =IFERROR(__xludf.DUMMYFUNCTION("""COMPUTED_VALUE"""),"全介助") -> 全介助 | FZ9: =IFERROR(__xludf.DUMMYFUNCTION("""COMPUTED_VALUE"""),"全介助") -> 全介助 | GA9: =IFERROR(__xludf.DUMMYFUNCTION("""COMPUTED_VALUE"""),"全介助") -> 全介助 | GB9: =IFERROR(__xludf.DUMMYFUNCTION("""COMPUTED_VALUE"""),"全介助") -> 全介助 | GC9: =IFERROR(__xludf.DUMMYFUNCTION("""COMPUTED_VALUE"""),"全介助") -> 全介助 | GD9: =IFERROR(__xludf.DUMMYFUNCTION("""COMPUTED_VALUE"""),"IADLは全介助となっている。") -> IADLは全介助となっている。 | GG9: =IFERROR(__xludf.DUMMYFUNCTION("""COMPUTED_VALUE"""),"危険行動はなくリハビリで練習した動作の習得も可能。") -> 危険行動はなくリハビリで練習した動作の習得も可能。 | GH9: =IFERROR(__xludf.DUMMYFUNCTION("""COMPUTED_VALUE"""),30) -> 30
C10: =IFERROR(__xludf.DUMMYFUNCTION("""COMPUTED_VALUE"""),"向井 郁恵") -> 向井 郁恵 | D10: =IFERROR(__xludf.DUMMYFUNCTION("""COMPUTED_VALUE"""),"eb7b6514") -> eb7b6514 | I10: =IFERROR(__xludf.DUMMYFUNCTION("""COMPUTED_VALUE"""),45895) -> 45895 | J10: =IFERROR(__xludf.DUMMYFUNCTION("""COMPUTED_VALUE"""),"山川 和輝") -> 山川 和輝 | K10: =IFERROR(__xludf.DUMMYFUNCTION("""COMPUTED_VALUE"""),"情報提供") -> 情報提供 | L10: =IFERROR(__xludf.DUMMYFUNCTION("""COMPUTED_VALUE"""),"居室") -> 居室 | M10: =IFERROR(__xludf.DUMMYFUNCTION("""COMPUTED_VALUE"""),"夫婦2人暮らし。令和6年2月白内障の手術施行。令和6年3月11日に永井病院にて間質性肺炎と診断。その後三重中央医療センターへ入院し在宅酸素療法が開始となった。また令和6年の年始頃から生活リズムが変わり始め、これまでできていた家事をしなくなり記憶力低下が著明になったためおがわ脳神経外科にて令和6年3月5日アルツハイマー型認知症の診断を受け内服治療が始まった。 令和6年4月1日より介護保険サービスが利用開始となるが、同年5月に三重中央医療センターへ入院。在宅酸素療法が開始となった。 その後、デイサービスやリハ"&"ビリを受け、旦那様の手助けもあり生活されていたが、令和7年5月頃より疲労感や息切れが著明となり通院が困難となってきたため、同年6月25日より丸の内クリニックによる往診と、訪問看護ステーションを利用することとなった。 そのころから、時折熱発を繰り返すようになり、徐々に身体面の低下がありデイサービスの利用も困難となってきたため、訪問入浴の支援を利用することとなった。") -> 夫婦2人暮らし。令和6年2月白内障の手術施行。令和6年3月11日に永井病院にて間質性肺炎と診断。その後三重中央医療センターへ入院し在宅酸素療法が開始となった。また令和6年の年始頃から生活リズムが変わり始め、これまでできていた家事をしなくなり記憶力低下が著明になったためおがわ脳神経外科にて令和6年3月5日アルツハイマー型認知症の診断を受け内服治療が始まった。 令和6年4月1日より介護保険サービスが利用開始となるが、同年5月に三重中央医療センターへ入院。在宅酸素療法が開始となった。 その後、デイサービスやリハビリを受け、旦那様の手助けもあり生活されていたが、令和7年5月頃より疲労感や息切れが著明となり通院が困難となってきたため、同年6月25日より丸の内クリニックによる往診と、訪問看護ステーションを利用することとなった。 そのころから、時折熱発を繰り返すようになり、徐々に身体面の低下がありデイサービスの利用も困難となってきたため、訪問入浴の支援を利用することとなった。 | N10: =IFERROR(__xludf.DUMMYFUNCTION("""COMPUTED_VALUE"""),"家では一人になってしまうので、サービスを利用しながら在宅生活を継続していきたい。") -> 家では一人になってしまうので、サービスを利用しながら在宅生活を継続していきたい。 | O10: =IFERROR(__xludf.DUMMYFUNCTION("""COMPUTED_VALUE"""),"自宅で最後までみたい。") -> 自宅で最後までみたい。 | Q10: =IFERROR(__xludf.DUMMYFUNCTION("""COMPUTED_VALUE"""),"入力") -> 入力 | R10: =IFERROR(__xludf.DUMMYFUNCTION("""COMPUTED_VALUE"""),"要介護３") -> 要介護３ | S10: =IFERROR(__xludf.DUMMYFUNCTION("""COMPUTED_VALUE"""),"令和7年6月5日") -> 令和7年6月5日 | T10: =IFERROR(__xludf.DUMMYFUNCTION("""COMPUTED_VALUE"""),"令和7年5月1日") -> 令和7年5月1日 | U10: =IFERROR(__xludf.DUMMYFUNCTION("""COMPUTED_VALUE"""),"令和8年4月30日") -> 令和8年4月30日 | V10: =IFERROR(__xludf.DUMMYFUNCTION("""COMPUTED_VALUE"""),"１割負担") -> １割負担 | W10: =IFERROR(__xludf.DUMMYFUNCTION("""COMPUTED_VALUE"""),"後期高齢者医療保険") -> 後期高齢者医療保険 | X10: =IFERROR(__xludf.DUMMYFUNCTION("""COMPUTED_VALUE"""),"無") -> 無 | Z10: =IFERROR(__xludf.DUMMYFUNCTION("""COMPUTED_VALUE"""),"無") -> 無 | AA10: =IFERROR(__xludf.DUMMYFUNCTION("""COMPUTED_VALUE"""),"無") -> 無 | AB10: =IFERROR(__xludf.DUMMYFUNCTION("""COMPUTED_VALUE"""),"A2") -> A2 | AC10: =IFERROR(__xludf.DUMMYFUNCTION("""COMPUTED_VALUE"""),"Ⅱb") -> Ⅱb | AE10: =IFERROR(__xludf.DUMMYFUNCTION("""COMPUTED_VALUE"""),"入力") -> 入力 | AF10: =IFERROR(__xludf.DUMMYFUNCTION("""COMPUTED_VALUE"""),"向井 佳子") -> 向井 佳子 | AG10: =IFERROR(__xludf.DUMMYFUNCTION("""COMPUTED_VALUE"""),"長女") -> 長女 | AH10: =IFERROR(__xludf.DUMMYFUNCTION("""COMPUTED_VALUE"""),"津市半田2226-312") -> 津市半田2226-312 | AI10: =IFERROR(__xludf.DUMMYFUNCTION("""COMPUTED_VALUE"""),"別居") -> 別居 | AJ10: =IFERROR(__xludf.DUMMYFUNCTION("""COMPUTED_VALUE"""),"介護する") -> 介護する | AL10: =IFERROR(__xludf.DUMMYFUNCTION("""COMPUTED_VALUE"""),"080-6926-8072") -> 080-6926-8072 | AM10: =IFERROR(__xludf.DUMMYFUNCTION("""COMPUTED_VALUE"""),"KP。近くに住まれている。") -> KP。近くに住まれている。 | AN10: =IFERROR(__xludf.DUMMYFUNCTION("""COMPUTED_VALUE"""),"向井 正明") -> 向井 正明 | AO10: =IFERROR(__xludf.DUMMYFUNCTION("""COMPUTED_VALUE"""),"夫") -> 夫 | AP10: =IFERROR(__xludf.DUMMYFUNCTION("""COMPUTED_VALUE"""),"津市半田2226-58") -> 津市半田2226-58 | AQ10: =IFERROR(__xludf.DUMMYFUNCTION("""COMPUTED_VALUE"""),"同居") -> 同居 | AR10: =IFERROR(__xludf.DUMMYFUNCTION("""COMPUTED_VALUE"""),"介護する") -> 介護する | AS10: =IFERROR(__xludf.DUMMYFUNCTION("""COMPUTED_VALUE"""),"無") -> 無 | AT10: =IFERROR(__xludf.DUMMYFUNCTION("""COMPUTED_VALUE"""),"090-1470-1304") -> 090-1470-1304 | AU10: =IFERROR(__xludf.DUMMYFUNCTION("""COMPUTED_VALUE"""),"家事全般を行う") -> 家事全般を行う | AW10: =IFERROR(__xludf.DUMMYFUNCTION("""COMPUTED_VALUE"""),"入力") -> 入力 | AX10: =IFERROR(__xludf.DUMMYFUNCTION("""COMPUTED_VALUE"""),"家族同居") -> 家族同居 | AY10: =IFERROR(__xludf.DUMMYFUNCTION("""COMPUTED_VALUE"""),"一戸建て") -> 一戸建て | BA10: =IFERROR(__xludf.DUMMYFUNCTION("""COMPUTED_VALUE"""),"所有") -> 所有 | BB10: =IFERROR(__xludf.DUMMYFUNCTION("""COMPUTED_VALUE"""),"有") -> 有 | BC10: =IFERROR(__xludf.DUMMYFUNCTION("""COMPUTED_VALUE"""),"有") -> 有 | BD10: =IFERROR(__xludf.DUMMYFUNCTION("""COMPUTED_VALUE"""),"洋式") -> 洋式 | BE10: =IFERROR(__xludf.DUMMYFUNCTION("""COMPUTED_VALUE"""),"手すり有") -> 手すり有 | BF10: =IFERROR(__xludf.DUMMYFUNCTION("""COMPUTED_VALUE"""),"段差有") -> 段差有 | BG10: =IFERROR(__xludf.DUMMYFUNCTION("""COMPUTED_VALUE"""),"有") -> 有 | BH10: =IFERROR(__xludf.DUMMYFUNCTION("""COMPUTED_VALUE"""),"手すり有") -> 手すり有 | BI10: =IFERROR(__xludf.DUMMYFUNCTION("""COMPUTED_VALUE"""),"リクライニングベッド") -> リクライニングベッド | BJ10: =IFERROR(__xludf.DUMMYFUNCTION("""COMPUTED_VALUE"""),"無") -> 無 | BK10: =IFERROR(__xludf.DUMMYFUNCTION("""COMPUTED_VALUE"""),"有") -> 有 | BL10: =IFERROR(__xludf.DUMMYFUNCTION("""COMPUTED_VALUE"""),"無") -> 無 | BM10: =IFERROR(__xludf.DUMMYFUNCTION("""COMPUTED_VALUE"""),"無") -> 無 | BO10: =IFERROR(__xludf.DUMMYFUNCTION("""COMPUTED_VALUE"""),"入力") -> 入力 | BP10: =IFERROR(__xludf.DUMMYFUNCTION("""COMPUTED_VALUE"""),"訪問介護 , 訪問入浴 , 訪問看護 , 訪問リハ") -> 訪問介護 , 訪問入浴 , 訪問看護 , 訪問リハ | BQ10: =IFERROR(__xludf.DUMMYFUNCTION("""COMPUTED_VALUE"""),"車いす , 手すり") -> 車いす , 手すり | BR10: =IFERROR(__xludf.DUMMYFUNCTION("""COMPUTED_VALUE"""),"なし。") -> なし。 | BT10: =IFERROR(__xludf.DUMMYFUNCTION("""COMPUTED_VALUE"""),"デイサービスでは他の利用者様とも交流を行っていた。") -> デイサービスでは他の利用者様とも交流を行っていた。 | BW10: =IFERROR(__xludf.DUMMYFUNCTION("""COMPUTED_VALUE"""),"入力") -> 入力 | BX10: =IFERROR(__xludf.DUMMYFUNCTION("""COMPUTED_VALUE"""),"間質性肺炎") -> 間質性肺炎 | BY10: =IFERROR(__xludf.DUMMYFUNCTION("""COMPUTED_VALUE"""),"令和6年3月11日") -> 令和6年3月11日 | BZ10: =IFERROR(__xludf.DUMMYFUNCTION("""COMPUTED_VALUE"""),"アルツハイマー型認知症") -> アルツハイマー型認知症 | CA10: =IFERROR(__xludf.DUMMYFUNCTION("""COMPUTED_VALUE"""),"令和6年3月5日") -> 令和6年3月5日 | CB10: =IFERROR(__xludf.DUMMYFUNCTION("""COMPUTED_VALUE"""),"甲状腺機能障害") -> 甲状腺機能障害 | CC10: =IFERROR(__xludf.DUMMYFUNCTION("""COMPUTED_VALUE"""),"令和6年3月頃") -> 令和6年3月頃 | CD10: =IFERROR(__xludf.DUMMYFUNCTION("""COMPUTED_VALUE"""),"白内障（術後）") -> 白内障（術後） | CE10: =IFERROR(__xludf.DUMMYFUNCTION("""COMPUTED_VALUE"""),"令和6年2月") -> 令和6年2月 | CJ10: =IFERROR(__xludf.DUMMYFUNCTION("""COMPUTED_VALUE"""),"令和7年6月25日より主治医はあらき内科クリニック→丸の内クリニックの往診に変更となっている。間質性肺炎で三重中央医療センターへ定期受診やその他、おがわ脳神経外科と今野眼科に受診を行っていたが、現在は丸の内クリニックで総括的に診て頂いている。") -> 令和7年6月25日より主治医はあらき内科クリニック→丸の内クリニックの往診に変更となっている。間質性肺炎で三重中央医療センターへ定期受診やその他、おがわ脳神経外科と今野眼科に受診を行っていたが、現在は丸の内クリニックで総括的に診て頂いている。 | CM10: =IFERROR(__xludf.DUMMYFUNCTION("""COMPUTED_VALUE"""),"丸の内クリニック") -> 丸の内クリニック | CO10: =IFERROR(__xludf.DUMMYFUNCTION("""COMPUTED_VALUE"""),"三重中央医療センター") -> 三重中央医療センター | CS10: =IFERROR(__xludf.DUMMYFUNCTION("""COMPUTED_VALUE"""),"現病歴に記載した通り") -> 現病歴に記載した通り | CT10: =IFERROR(__xludf.DUMMYFUNCTION("""COMPUTED_VALUE"""),"アリセプトD錠、チラージンS錠、フェブキソスタット錠、トラセミド錠等") -> アリセプトD錠、チラージンS錠、フェブキソスタット錠、トラセミド錠等 | CX10: =IFERROR(__xludf.DUMMYFUNCTION("""COMPUTED_VALUE"""),"入力") -> 入力 | CY10: =IFERROR(__xludf.DUMMYFUNCTION("""COMPUTED_VALUE"""),"無") -> 無 | CZ10: =IFERROR(__xludf.DUMMYFUNCTION("""COMPUTED_VALUE"""),"無") -> 無 | DA10: =IFERROR(__xludf.DUMMYFUNCTION("""COMPUTED_VALUE"""),"酸素療法") -> 酸素療法 | DB10: =IFERROR(__xludf.DUMMYFUNCTION("""COMPUTED_VALUE"""),"なし") -> なし | DD10: =IFERROR(__xludf.DUMMYFUNCTION("""COMPUTED_VALUE"""),0) -> 0 | DE10: =IFERROR(__xludf.DUMMYFUNCTION("""COMPUTED_VALUE"""),0) -> 0 | DF10: =IFERROR(__xludf.DUMMYFUNCTION("""COMPUTED_VALUE"""),"正常") -> 正常 | DG10: =IFERROR(__xludf.DUMMYFUNCTION("""COMPUTED_VALUE"""),"無") -> 無 | DH10: =IFERROR(__xludf.DUMMYFUNCTION("""COMPUTED_VALUE"""),"大きい声は可") -> 大きい声は可 | DI10: =IFERROR(__xludf.DUMMYFUNCTION("""COMPUTED_VALUE"""),"無") -> 無 | DJ10: =IFERROR(__xludf.DUMMYFUNCTION("""COMPUTED_VALUE"""),"やや難聴があるもののコミュニケーションは可能。") -> やや難聴があるもののコミュニケーションは可能。 | DL10: =IFERROR(__xludf.DUMMYFUNCTION("""COMPUTED_VALUE"""),"入力") -> 入力 | DM10: =IFERROR(__xludf.DUMMYFUNCTION("""COMPUTED_VALUE"""),"有") -> 有 | DN10: =IFERROR(__xludf.DUMMYFUNCTION("""COMPUTED_VALUE"""),"軽度") -> 軽度 | DO10: =IFERROR(__xludf.DUMMYFUNCTION("""COMPUTED_VALUE"""),"無") -> 無 | DP10: =IFERROR(__xludf.DUMMYFUNCTION("""COMPUTED_VALUE"""),"可能") -> 可能 | DQ10: =IFERROR(__xludf.DUMMYFUNCTION("""COMPUTED_VALUE"""),"可能") -> 可能 | DR10: =IFERROR(__xludf.DUMMYFUNCTION("""COMPUTED_VALUE"""),"アルツハイマー型認知症の診断を受けており、やや認知機能の低下が見られている。") -> アルツハイマー型認知症の診断を受けており、やや認知機能の低下が見られている。 | DU10: =IFERROR(__xludf.DUMMYFUNCTION("""COMPUTED_VALUE"""),"入力") -> 入力 | DV10: =IFERROR(__xludf.DUMMYFUNCTION("""COMPUTED_VALUE"""),"できない") -> できない | DW10: =IFERROR(__xludf.DUMMYFUNCTION("""COMPUTED_VALUE"""),"できない") -> できない | DX10: =IFERROR(__xludf.DUMMYFUNCTION("""COMPUTED_VALUE"""),"支えてもらえればできる") -> 支えてもらえればできる | DY10: =IFERROR(__xludf.DUMMYFUNCTION("""COMPUTED_VALUE"""),"できない") -> できない | DZ10: =IFERROR(__xludf.DUMMYFUNCTION("""COMPUTED_VALUE"""),"できない") -> できない | EA10: =IFERROR(__xludf.DUMMYFUNCTION("""COMPUTED_VALUE"""),"全介助") -> 全介助 | EB10: =IFERROR(__xludf.DUMMYFUNCTION("""COMPUTED_VALUE"""),"全介助") -> 全介助 | EC10: =IFERROR(__xludf.DUMMYFUNCTION("""COMPUTED_VALUE"""),"車椅子") -> 車椅子 | ED10: =IFERROR(__xludf.DUMMYFUNCTION("""COMPUTED_VALUE"""),"全介助") -> 全介助 | EE10: =IFERROR(__xludf.DUMMYFUNCTION("""COMPUTED_VALUE"""),"車椅子") -> 車椅子 | EF10: =IFERROR(__xludf.DUMMYFUNCTION("""COMPUTED_VALUE"""),"もともと独歩でトイレや食堂まで行くことができていたが、現在は身体能力の低下から移動は車いすを使用。 旦那様の手伝いのもとベッドから車いすへ移っている。依存的でほぼ全介助を要す。") -> もともと独歩でトイレや食堂まで行くことができていたが、現在は身体能力の低下から移動は車いすを使用。 旦那様の手伝いのもとベッドから車いすへ移っている。依存的でほぼ全介助を要す。 | EH10: =IFERROR(__xludf.DUMMYFUNCTION("""COMPUTED_VALUE"""),"入力") -> 入力 | EI10: =IFERROR(__xludf.DUMMYFUNCTION("""COMPUTED_VALUE"""),"入力") -> 入力 | EJ10: =IFERROR(__xludf.DUMMYFUNCTION("""COMPUTED_VALUE"""),"経口摂取") -> 経口摂取 | EK10: =IFERROR(__xludf.DUMMYFUNCTION("""COMPUTED_VALUE"""),"自立") -> 自立 | EL10: =IFERROR(__xludf.DUMMYFUNCTION("""COMPUTED_VALUE"""),"できる") -> できる | EM10: =IFERROR(__xludf.DUMMYFUNCTION("""COMPUTED_VALUE"""),"普通") -> 普通 | EN10: =IFERROR(__xludf.DUMMYFUNCTION("""COMPUTED_VALUE"""),"普通") -> 普通 | EO10: =IFERROR(__xludf.DUMMYFUNCTION("""COMPUTED_VALUE"""),"無") -> 無 | EP10: =IFERROR(__xludf.DUMMYFUNCTION("""COMPUTED_VALUE"""),"無") -> 無 | EQ10: =IFERROR(__xludf.DUMMYFUNCTION("""COMPUTED_VALUE"""),"箸 , スプーン") -> 箸 , スプーン | ER10: =IFERROR(__xludf.DUMMYFUNCTION("""COMPUTED_VALUE"""),"特になし。") -> 特になし。 | ET10: =IFERROR(__xludf.DUMMYFUNCTION("""COMPUTED_VALUE"""),"入力") -> 入力 | EU10: =IFERROR(__xludf.DUMMYFUNCTION("""COMPUTED_VALUE"""),"一部介助") -> 一部介助 | EW10: =IFERROR(__xludf.DUMMYFUNCTION("""COMPUTED_VALUE"""),"無") -> 無 | EZ10: =IFERROR(__xludf.DUMMYFUNCTION("""COMPUTED_VALUE"""),"元々、促しがあればご自身で行えていたものの現在どのように行っているかは今後確認が必要。") -> 元々、促しがあればご自身で行えていたものの現在どのように行っているかは今後確認が必要。 | FB10: =IFERROR(__xludf.DUMMYFUNCTION("""COMPUTED_VALUE"""),"入力") -> 入力 | FC10: =IFERROR(__xludf.DUMMYFUNCTION("""COMPUTED_VALUE"""),"全介助") -> 全介助 | FD10: =IFERROR(__xludf.DUMMYFUNCTION("""COMPUTED_VALUE"""),"寝台浴") -> 寝台浴 | FE10: =IFERROR(__xludf.DUMMYFUNCTION("""COMPUTED_VALUE"""),"無") -> 無 | FG10: =IFERROR(__xludf.DUMMYFUNCTION("""COMPUTED_VALUE"""),"全介助") -> 全介助 | FH10: =IFERROR(__xludf.DUMMYFUNCTION("""COMPUTED_VALUE"""),"全介助") -> 全介助 | FI10: =IFERROR(__xludf.DUMMYFUNCTION("""COMPUTED_VALUE"""),"今まで入浴はデイサービスで行っていたが、デイサービスへの移動も身体的に大変になってきたため、今後は訪問入浴に切り替えることとなった。") -> 今まで入浴はデイサービスで行っていたが、デイサービスへの移動も身体的に大変になってきたため、今後は訪問入浴に切り替えることとなった。 | FK10: =IFERROR(__xludf.DUMMYFUNCTION("""COMPUTED_VALUE"""),"入力") -> 入力 | FL10: =IFERROR(__xludf.DUMMYFUNCTION("""COMPUTED_VALUE"""),"全介助") -> 全介助 | FM10: =IFERROR(__xludf.DUMMYFUNCTION("""COMPUTED_VALUE"""),"有") -> 有 | FN10: =IFERROR(__xludf.DUMMYFUNCTION("""COMPUTED_VALUE"""),"有") -> 有 | FO10: =IFERROR(__xludf.DUMMYFUNCTION("""COMPUTED_VALUE"""),"有") -> 有 | FP10: =IFERROR(__xludf.DUMMYFUNCTION("""COMPUTED_VALUE"""),"有") -> 有 | FQ10: =IFERROR(__xludf.DUMMYFUNCTION("""COMPUTED_VALUE"""),"普通便") -> 普通便 | FR10: =IFERROR(__xludf.DUMMYFUNCTION("""COMPUTED_VALUE"""),"トイレ , オムツ") -> トイレ , オムツ | FS10: =IFERROR(__xludf.DUMMYFUNCTION("""COMPUTED_VALUE"""),"トイレ , オムツ") -> トイレ , オムツ | FT10: =IFERROR(__xludf.DUMMYFUNCTION("""COMPUTED_VALUE"""),"紙おむつ , 大パット") -> 紙おむつ , 大パット | FU10: =IFERROR(__xludf.DUMMYFUNCTION("""COMPUTED_VALUE"""),"基本的には紙おむつ、大パットを使用して訪問介護や旦那様が交換を行っている。ただ尿意もあり時折トイレに行きたいと希望があるためその際は旦那様がトイレへ連れていくこともある。") -> 基本的には紙おむつ、大パットを使用して訪問介護や旦那様が交換を行っている。ただ尿意もあり時折トイレに行きたいと希望があるためその際は旦那様がトイレへ連れていくこともある。 | FX10: =IFERROR(__xludf.DUMMYFUNCTION("""COMPUTED_VALUE"""),"入力") -> 入力 | FY10: =IFERROR(__xludf.DUMMYFUNCTION("""COMPUTED_VALUE"""),"全介助") -> 全介助 | FZ10: =IFERROR(__xludf.DUMMYFUNCTION("""COMPUTED_VALUE"""),"全介助") -> 全介助 | GA10: =IFERROR(__xludf.DUMMYFUNCTION("""COMPUTED_VALUE"""),"全介助") -> 全介助 | GB10: =IFERROR(__xludf.DUMMYFUNCTION("""COMPUTED_VALUE"""),"全介助") -> 全介助 | GC10: =IFERROR(__xludf.DUMMYFUNCTION("""COMPUTED_VALUE"""),"全介助") -> 全介助 | GD10: =IFERROR(__xludf.DUMMYFUNCTION("""COMPUTED_VALUE"""),"旦那様や娘様が行っている。") -> 旦那様や娘様が行っている。 | GG10: =IFERROR(__xludf.DUMMYFUNCTION("""COMPUTED_VALUE"""),"令和7年6月～8月にかけて体重が約10ｋｇ程度低下。熱発も時折繰り返し体調を崩される頻度が増えて来ている。 8/21にDrより現状と今後について軽く話があり、ご家族様としては、治療して治るのであれば入院など治療してほしいが、老衰で弱っていくのであれば自宅で最後まで自宅でみたい。と希望がある。") -> 令和7年6月～8月にかけて体重が約10ｋｇ程度低下。熱発も時折繰り返し体調を崩される頻度が増えて来ている。 8/21にDrより現状と今後について軽く話があり、ご家族様としては、治療して治るのであれば入院など治療してほしいが、老衰で弱っていくのであれば自宅で最後まで自宅でみたい。と希望がある。 | GH10: =IFERROR(__xludf.DUMMYFUNCTION("""COMPUTED_VALUE"""),30) -> 30
C11: =IFERROR(__xludf.DUMMYFUNCTION("""COMPUTED_VALUE"""),"田端 彦三") -> 田端 彦三 | D11: =IFERROR(__xludf.DUMMYFUNCTION("""COMPUTED_VALUE"""),"2f3af2b2") -> 2f3af2b2 | I11: =IFERROR(__xludf.DUMMYFUNCTION("""COMPUTED_VALUE"""),45554) -> 45554 | J11: =IFERROR(__xludf.DUMMYFUNCTION("""COMPUTED_VALUE"""),"山川 和輝") -> 山川 和輝 | K11: =IFERROR(__xludf.DUMMYFUNCTION("""COMPUTED_VALUE"""),"ケアマネ変更") -> ケアマネ変更 | L11: =IFERROR(__xludf.DUMMYFUNCTION("""COMPUTED_VALUE"""),"本人の居室") -> 本人の居室 | M11: =IFERROR(__xludf.DUMMYFUNCTION("""COMPUTED_VALUE"""),"定年まで県職員（学校事務）をしていた。25歳で結婚し2女を出生。子供が嫁いでからは夫婦で2人暮らし。H26.3にサ高住に夫婦で入居。かねてから長女の住む津市に移りたいと希望していた。妻が介護状態となったため夫婦で生活出来る安濃津ろまんにH27.8.6に妻と一緒に入居。") -> 定年まで県職員（学校事務）をしていた。25歳で結婚し2女を出生。子供が嫁いでからは夫婦で2人暮らし。H26.3にサ高住に夫婦で入居。かねてから長女の住む津市に移りたいと希望していた。妻が介護状態となったため夫婦で生活出来る安濃津ろまんにH27.8.6に妻と一緒に入居。 | N11: =IFERROR(__xludf.DUMMYFUNCTION("""COMPUTED_VALUE"""),"痛みが強くて歩くことができなくなりました。この痛みがなくなればよいのですが。") -> 痛みが強くて歩くことができなくなりました。この痛みがなくなればよいのですが。 | O11: =IFERROR(__xludf.DUMMYFUNCTION("""COMPUTED_VALUE"""),"物忘れがひどくなって来ているので、これ以上悪化しないようにしてほしい。") -> 物忘れがひどくなって来ているので、これ以上悪化しないようにしてほしい。 | Q11: =IFERROR(__xludf.DUMMYFUNCTION("""COMPUTED_VALUE"""),"入力") -> 入力 | R11: =IFERROR(__xludf.DUMMYFUNCTION("""COMPUTED_VALUE"""),"要介護４") -> 要介護４ | S11: =IFERROR(__xludf.DUMMYFUNCTION("""COMPUTED_VALUE"""),"令和6年4月4日") -> 令和6年4月4日 | T11: =IFERROR(__xludf.DUMMYFUNCTION("""COMPUTED_VALUE"""),"令和6年3月1日") -> 令和6年3月1日 | U11: =IFERROR(__xludf.DUMMYFUNCTION("""COMPUTED_VALUE"""),"令和8年2月28日") -> 令和8年2月28日 | V11: =IFERROR(__xludf.DUMMYFUNCTION("""COMPUTED_VALUE"""),"１割負担") -> １割負担 | W11: =IFERROR(__xludf.DUMMYFUNCTION("""COMPUTED_VALUE"""),"後期高齢者医療保険") -> 後期高齢者医療保険 | X11: =IFERROR(__xludf.DUMMYFUNCTION("""COMPUTED_VALUE"""),"無") -> 無 | Z11: =IFERROR(__xludf.DUMMYFUNCTION("""COMPUTED_VALUE"""),"無") -> 無 | AA11: =IFERROR(__xludf.DUMMYFUNCTION("""COMPUTED_VALUE"""),"無") -> 無 | AE11: =IFERROR(__xludf.DUMMYFUNCTION("""COMPUTED_VALUE"""),"入力") -> 入力 | AF11: =IFERROR(__xludf.DUMMYFUNCTION("""COMPUTED_VALUE"""),"上野 ひと美") -> 上野 ひと美 | AG11: =IFERROR(__xludf.DUMMYFUNCTION("""COMPUTED_VALUE"""),"長女") -> 長女 | AI11: =IFERROR(__xludf.DUMMYFUNCTION("""COMPUTED_VALUE"""),"別居") -> 別居 | AJ11: =IFERROR(__xludf.DUMMYFUNCTION("""COMPUTED_VALUE"""),"介護する") -> 介護する | AK11: =IFERROR(__xludf.DUMMYFUNCTION("""COMPUTED_VALUE"""),"無") -> 無 | AL11: =IFERROR(__xludf.DUMMYFUNCTION("""COMPUTED_VALUE"""),"080-4522-3418") -> 080-4522-3418 | AM11: =IFERROR(__xludf.DUMMYFUNCTION("""COMPUTED_VALUE"""),"KP") -> KP | AN11: =IFERROR(__xludf.DUMMYFUNCTION("""COMPUTED_VALUE"""),"中山 由美") -> 中山 由美 | AO11: =IFERROR(__xludf.DUMMYFUNCTION("""COMPUTED_VALUE"""),"次女") -> 次女 | AQ11: =IFERROR(__xludf.DUMMYFUNCTION("""COMPUTED_VALUE"""),"別居") -> 別居 | AT11: =IFERROR(__xludf.DUMMYFUNCTION("""COMPUTED_VALUE"""),"090-9183-3054") -> 090-9183-3054 | AW11: =IFERROR(__xludf.DUMMYFUNCTION("""COMPUTED_VALUE"""),"入力") -> 入力 | AX11: =IFERROR(__xludf.DUMMYFUNCTION("""COMPUTED_VALUE"""),"一人暮らし") -> 一人暮らし | AY11: =IFERROR(__xludf.DUMMYFUNCTION("""COMPUTED_VALUE"""),"集合住宅") -> 集合住宅 | AZ11: =IFERROR(__xludf.DUMMYFUNCTION("""COMPUTED_VALUE"""),"エレベーター有") -> エレベーター有 | BA11: =IFERROR(__xludf.DUMMYFUNCTION("""COMPUTED_VALUE"""),"賃貸") -> 賃貸 | BB11: =IFERROR(__xludf.DUMMYFUNCTION("""COMPUTED_VALUE"""),"有") -> 有 | BC11: =IFERROR(__xludf.DUMMYFUNCTION("""COMPUTED_VALUE"""),"有") -> 有 | BD11: =IFERROR(__xludf.DUMMYFUNCTION("""COMPUTED_VALUE"""),"ウォシュレット") -> ウォシュレット | BG11: =IFERROR(__xludf.DUMMYFUNCTION("""COMPUTED_VALUE"""),"有") -> 有 | BH11: =IFERROR(__xludf.DUMMYFUNCTION("""COMPUTED_VALUE"""),"手すり有") -> 手すり有 | BI11: =IFERROR(__xludf.DUMMYFUNCTION("""COMPUTED_VALUE"""),"リクライニングベッド") -> リクライニングベッド | BJ11: =IFERROR(__xludf.DUMMYFUNCTION("""COMPUTED_VALUE"""),"無") -> 無 | BK11: =IFERROR(__xludf.DUMMYFUNCTION("""COMPUTED_VALUE"""),"無") -> 無 | BL11: =IFERROR(__xludf.DUMMYFUNCTION("""COMPUTED_VALUE"""),"無") -> 無 | BO11: =IFERROR(__xludf.DUMMYFUNCTION("""COMPUTED_VALUE"""),"入力") -> 入力 | BP11: =IFERROR(__xludf.DUMMYFUNCTION("""COMPUTED_VALUE"""),"訪問介護 , 訪問看護 , 訪問リハ , 通所介護") -> 訪問介護 , 訪問看護 , 訪問リハ , 通所介護 | BQ11: =IFERROR(__xludf.DUMMYFUNCTION("""COMPUTED_VALUE"""),"特殊寝台 , 特殊寝台付属品 , 手すり , 歩行器") -> 特殊寝台 , 特殊寝台付属品 , 手すり , 歩行器 | BS11: =IFERROR(__xludf.DUMMYFUNCTION("""COMPUTED_VALUE"""),"食事支援 , リネンリース , 洗濯 , 居室清掃") -> 食事支援 , リネンリース , 洗濯 , 居室清掃 | BT11: =IFERROR(__xludf.DUMMYFUNCTION("""COMPUTED_VALUE"""),"デイサービスを利用され、他者との交流もある。") -> デイサービスを利用され、他者との交流もある。 | BW11: =IFERROR(__xludf.DUMMYFUNCTION("""COMPUTED_VALUE"""),"入力") -> 入力 | CX11: =IFERROR(__xludf.DUMMYFUNCTION("""COMPUTED_VALUE"""),"入力") -> 入力 | CY11: =IFERROR(__xludf.DUMMYFUNCTION("""COMPUTED_VALUE"""),"無") -> 無 | CZ11: =IFERROR(__xludf.DUMMYFUNCTION("""COMPUTED_VALUE"""),"無") -> 無 | DA11: =IFERROR(__xludf.DUMMYFUNCTION("""COMPUTED_VALUE"""),"無") -> 無 | DB11: =IFERROR(__xludf.DUMMYFUNCTION("""COMPUTED_VALUE"""),"なし") -> なし | DC11: =IFERROR(__xludf.DUMMYFUNCTION("""COMPUTED_VALUE"""),"両下肢") -> 両下肢 | DF11: =IFERROR(__xludf.DUMMYFUNCTION("""COMPUTED_VALUE"""),"大きい字は可") -> 大きい字は可 | DG11: =IFERROR(__xludf.DUMMYFUNCTION("""COMPUTED_VALUE"""),"有") -> 有 | DH11: =IFERROR(__xludf.DUMMYFUNCTION("""COMPUTED_VALUE"""),"正常") -> 正常 | DI11: =IFERROR(__xludf.DUMMYFUNCTION("""COMPUTED_VALUE"""),"無") -> 無 | DJ11: =IFERROR(__xludf.DUMMYFUNCTION("""COMPUTED_VALUE"""),"坐骨神経痛の影響により両下肢に痛みがある。改善と悪化を繰り返しているが、現在はひどかった時期と比較して痛みは少ない。") -> 坐骨神経痛の影響により両下肢に痛みがある。改善と悪化を繰り返しているが、現在はひどかった時期と比較して痛みは少ない。 | DL11: =IFERROR(__xludf.DUMMYFUNCTION("""COMPUTED_VALUE"""),"入力") -> 入力 | DM11: =IFERROR(__xludf.DUMMYFUNCTION("""COMPUTED_VALUE"""),"有") -> 有 | DN11: =IFERROR(__xludf.DUMMYFUNCTION("""COMPUTED_VALUE"""),"中等度") -> 中等度 | DO11: =IFERROR(__xludf.DUMMYFUNCTION("""COMPUTED_VALUE"""),"被害妄想 , 作話 , 感情の不安定 , ひどい物忘れ") -> 被害妄想 , 作話 , 感情の不安定 , ひどい物忘れ | DP11: =IFERROR(__xludf.DUMMYFUNCTION("""COMPUTED_VALUE"""),"不明瞭") -> 不明瞭 | DQ11: =IFERROR(__xludf.DUMMYFUNCTION("""COMPUTED_VALUE"""),"可能") -> 可能 | DR11: =IFERROR(__xludf.DUMMYFUNCTION("""COMPUTED_VALUE"""),"認知機能は中等度の低下があり、特に見当識が落ちている。精神症状として、物盗られ妄想や、作話がある。また髭剃りや部屋の鍵を置いた場所が分からなくなることが度々あり。物忘れは自覚しており、それにより感情が不安定になることもある。") -> 認知機能は中等度の低下があり、特に見当識が落ちている。精神症状として、物盗られ妄想や、作話がある。また髭剃りや部屋の鍵を置いた場所が分からなくなることが度々あり。物忘れは自覚しており、それにより感情が不安定になることもある。 | DU11: =IFERROR(__xludf.DUMMYFUNCTION("""COMPUTED_VALUE"""),"入力") -> 入力 | DV11: =IFERROR(__xludf.DUMMYFUNCTION("""COMPUTED_VALUE"""),"何かにつかまればできる") -> 何かにつかまればできる | DW11: =IFERROR(__xludf.DUMMYFUNCTION("""COMPUTED_VALUE"""),"何かにつかまればできる") -> 何かにつかまればできる | DX11: =IFERROR(__xludf.DUMMYFUNCTION("""COMPUTED_VALUE"""),"自分の手で支えればできる") -> 自分の手で支えればできる | DY11: =IFERROR(__xludf.DUMMYFUNCTION("""COMPUTED_VALUE"""),"何かにつかまればできる") -> 何かにつかまればできる | DZ11: =IFERROR(__xludf.DUMMYFUNCTION("""COMPUTED_VALUE"""),"何か支えがあればできる") -> 何か支えがあればできる | EA11: =IFERROR(__xludf.DUMMYFUNCTION("""COMPUTED_VALUE"""),"自立") -> 自立 | EB11: =IFERROR(__xludf.DUMMYFUNCTION("""COMPUTED_VALUE"""),"自立") -> 自立 | EC11: =IFERROR(__xludf.DUMMYFUNCTION("""COMPUTED_VALUE"""),"歩行器") -> 歩行器 | ED11: =IFERROR(__xludf.DUMMYFUNCTION("""COMPUTED_VALUE"""),"全介助") -> 全介助 | EE11: =IFERROR(__xludf.DUMMYFUNCTION("""COMPUTED_VALUE"""),"車椅子") -> 車椅子 | EF11: =IFERROR(__xludf.DUMMYFUNCTION("""COMPUTED_VALUE"""),"起居動作は、手すり等を把持することでご自身で可能。移動も歩行器を使用することで比較的安全に移動できているものの、居室内で歩行器を使用せず伝い歩きで歩くこともあり、転倒も多く見られている。 また、坐骨神経痛の影響により、歩行器で移動ができなくなることがあり、その場合は車いすを使用されていた。") -> 起居動作は、手すり等を把持することでご自身で可能。移動も歩行器を使用することで比較的安全に移動できているものの、居室内で歩行器を使用せず伝い歩きで歩くこともあり、転倒も多く見られている。 また、坐骨神経痛の影響により、歩行器で移動ができなくなることがあり、その場合は車いすを使用されていた。 | EH11: =IFERROR(__xludf.DUMMYFUNCTION("""COMPUTED_VALUE"""),"入力") -> 入力 | EI11: =IFERROR(__xludf.DUMMYFUNCTION("""COMPUTED_VALUE"""),"入力") -> 入力 | EJ11: =IFERROR(__xludf.DUMMYFUNCTION("""COMPUTED_VALUE"""),"経口摂取") -> 経口摂取 | EK11: =IFERROR(__xludf.DUMMYFUNCTION("""COMPUTED_VALUE"""),"自立") -> 自立 | EL11: =IFERROR(__xludf.DUMMYFUNCTION("""COMPUTED_VALUE"""),"できる") -> できる | EM11: =IFERROR(__xludf.DUMMYFUNCTION("""COMPUTED_VALUE"""),"普通") -> 普通 | EN11: =IFERROR(__xludf.DUMMYFUNCTION("""COMPUTED_VALUE"""),"普通") -> 普通 | EO11: =IFERROR(__xludf.DUMMYFUNCTION("""COMPUTED_VALUE"""),"無") -> 無 | EP11: =IFERROR(__xludf.DUMMYFUNCTION("""COMPUTED_VALUE"""),"無") -> 無 | EQ11: =IFERROR(__xludf.DUMMYFUNCTION("""COMPUTED_VALUE"""),"箸 , スプーン") -> 箸 , スプーン | ER11: =IFERROR(__xludf.DUMMYFUNCTION("""COMPUTED_VALUE"""),"特になし。") -> 特になし。 | ET11: =IFERROR(__xludf.DUMMYFUNCTION("""COMPUTED_VALUE"""),"入力") -> 入力 | EU11: =IFERROR(__xludf.DUMMYFUNCTION("""COMPUTED_VALUE"""),"自立") -> 自立 | EW11: =IFERROR(__xludf.DUMMYFUNCTION("""COMPUTED_VALUE"""),"有") -> 有 | EX11: =IFERROR(__xludf.DUMMYFUNCTION("""COMPUTED_VALUE"""),"部分義歯") -> 部分義歯 | EY11: =IFERROR(__xludf.DUMMYFUNCTION("""COMPUTED_VALUE"""),"上下") -> 上下 | EZ11: =IFERROR(__xludf.DUMMYFUNCTION("""COMPUTED_VALUE"""),"義歯の洗浄は毎日は行われていないものの、ご自身で気になった際に行うことができている。") -> 義歯の洗浄は毎日は行われていないものの、ご自身で気になった際に行うことができている。 | FB11: =IFERROR(__xludf.DUMMYFUNCTION("""COMPUTED_VALUE"""),"入力") -> 入力 | FC11: =IFERROR(__xludf.DUMMYFUNCTION("""COMPUTED_VALUE"""),"自立") -> 自立 | FD11: =IFERROR(__xludf.DUMMYFUNCTION("""COMPUTED_VALUE"""),"チェアー浴") -> チェアー浴 | FE11: =IFERROR(__xludf.DUMMYFUNCTION("""COMPUTED_VALUE"""),"無") -> 無 | FG11: =IFERROR(__xludf.DUMMYFUNCTION("""COMPUTED_VALUE"""),"自立") -> 自立 | FH11: =IFERROR(__xludf.DUMMYFUNCTION("""COMPUTED_VALUE"""),"自立") -> 自立 | FI11: =IFERROR(__xludf.DUMMYFUNCTION("""COMPUTED_VALUE"""),"入浴はデイサービスを利用時に入浴されている。大浴場を利用。") -> 入浴はデイサービスを利用時に入浴されている。大浴場を利用。 | FK11: =IFERROR(__xludf.DUMMYFUNCTION("""COMPUTED_VALUE"""),"入力") -> 入力 | FL11: =IFERROR(__xludf.DUMMYFUNCTION("""COMPUTED_VALUE"""),"自立") -> 自立 | FM11: =IFERROR(__xludf.DUMMYFUNCTION("""COMPUTED_VALUE"""),"有") -> 有 | FN11: =IFERROR(__xludf.DUMMYFUNCTION("""COMPUTED_VALUE"""),"有") -> 有 | FO11: =IFERROR(__xludf.DUMMYFUNCTION("""COMPUTED_VALUE"""),"有") -> 有 | FP11: =IFERROR(__xludf.DUMMYFUNCTION("""COMPUTED_VALUE"""),"無") -> 無 | FR11: =IFERROR(__xludf.DUMMYFUNCTION("""COMPUTED_VALUE"""),"トイレ") -> トイレ | FS11: =IFERROR(__xludf.DUMMYFUNCTION("""COMPUTED_VALUE"""),"トイレ") -> トイレ | FT11: =IFERROR(__xludf.DUMMYFUNCTION("""COMPUTED_VALUE"""),"リハビリパンツ") -> リハビリパンツ | FU11: =IFERROR(__xludf.DUMMYFUNCTION("""COMPUTED_VALUE"""),"排泄はご自身で行っているものの、リハビリパンツ内に失禁が見られる。ご自身で交換は可能。") -> 排泄はご自身で行っているものの、リハビリパンツ内に失禁が見られる。ご自身で交換は可能。 | FX11: =IFERROR(__xludf.DUMMYFUNCTION("""COMPUTED_VALUE"""),"入力") -> 入力 | FY11: =IFERROR(__xludf.DUMMYFUNCTION("""COMPUTED_VALUE"""),"全介助") -> 全介助 | FZ11: =IFERROR(__xludf.DUMMYFUNCTION("""COMPUTED_VALUE"""),"全介助") -> 全介助 | GA11: =IFERROR(__xludf.DUMMYFUNCTION("""COMPUTED_VALUE"""),"全介助") -> 全介助 | GB11: =IFERROR(__xludf.DUMMYFUNCTION("""COMPUTED_VALUE"""),"全介助") -> 全介助 | GC11: =IFERROR(__xludf.DUMMYFUNCTION("""COMPUTED_VALUE"""),"全介助") -> 全介助 | GD11: =IFERROR(__xludf.DUMMYFUNCTION("""COMPUTED_VALUE"""),"すべて介助が必要な状況。") -> すべて介助が必要な状況。 | GG11: =IFERROR(__xludf.DUMMYFUNCTION("""COMPUTED_VALUE"""),"徐々に認知機能の低下があり。何かに固執するとそれが離れなくなり、被害妄想や作話に繋がる。 施設内で実際にあった事は、財布や髭剃りを自分で置いた場所を忘れ、その後に居室清掃に入った際に、「その職員が持って行った。もう来ないでもらいたい。」等の発言あり。 また、物忘れが著明でケアマネが訪問したこともすぐ忘れ、入居してから一度も来てもらったことがない。ケアマネを変えてほしい。」等の発言も多い。") -> 徐々に認知機能の低下があり。何かに固執するとそれが離れなくなり、被害妄想や作話に繋がる。 施設内で実際にあった事は、財布や髭剃りを自分で置いた場所を忘れ、その後に居室清掃に入った際に、「その職員が持って行った。もう来ないでもらいたい。」等の発言あり。 また、物忘れが著明でケアマネが訪問したこともすぐ忘れ、入居してから一度も来てもらったことがない。ケアマネを変えてほしい。」等の発言も多い。 | GH11: =IFERROR(__xludf.DUMMYFUNCTION("""COMPUTED_VALUE"""),30) -> 30
C12: =IFERROR(__xludf.DUMMYFUNCTION("""COMPUTED_VALUE"""),"嶋方 照子") -> 嶋方 照子 | D12: =IFERROR(__xludf.DUMMYFUNCTION("""COMPUTED_VALUE"""),"3789cda7") -> 3789cda7 | I12: =IFERROR(__xludf.DUMMYFUNCTION("""COMPUTED_VALUE"""),45575) -> 45575 | J12: =IFERROR(__xludf.DUMMYFUNCTION("""COMPUTED_VALUE"""),"山川 和輝") -> 山川 和輝 | K12: =IFERROR(__xludf.DUMMYFUNCTION("""COMPUTED_VALUE"""),"退院") -> 退院 | L12: =IFERROR(__xludf.DUMMYFUNCTION("""COMPUTED_VALUE"""),"入院先の病院") -> 入院先の病院 | M12: =IFERROR(__xludf.DUMMYFUNCTION("""COMPUTED_VALUE"""),"・令和5年3月2日｜介護予防サービス利用開始 ・令和5年10月｜アルツハイマー型認知症と診断 ・令和5年11月1日｜介護保険被保険者証の有効期間満了に伴う更新 ・令和5年11月22日｜介護認定更新の結果、要支援1→要介護1 ・令和6年8月1日｜みどり津デイサービス週1回→週2回へ変更 ・令和6年8月2日｜自宅で転倒し右大腿骨頸部骨折と診断 ・令和6年8月13日｜人口骨頭置換術を施行") -> ・令和5年3月2日｜介護予防サービス利用開始 ・令和5年10月｜アルツハイマー型認知症と診断 ・令和5年11月1日｜介護保険被保険者証の有効期間満了に伴う更新 ・令和5年11月22日｜介護認定更新の結果、要支援1→要介護1 ・令和6年8月1日｜みどり津デイサービス週1回→週2回へ変更 ・令和6年8月2日｜自宅で転倒し右大腿骨頸部骨折と診断 ・令和6年8月13日｜人口骨頭置換術を施行 | N12: =IFERROR(__xludf.DUMMYFUNCTION("""COMPUTED_VALUE"""),"出来るだけ頑張って生活していきたい。") -> 出来るだけ頑張って生活していきたい。 | O12: =IFERROR(__xludf.DUMMYFUNCTION("""COMPUTED_VALUE"""),"退院後の生活に不安を感じています。サービスを利用して今まで通りの生活を送ってもらいたいと思っています。") -> 退院後の生活に不安を感じています。サービスを利用して今まで通りの生活を送ってもらいたいと思っています。 | Q12: =IFERROR(__xludf.DUMMYFUNCTION("""COMPUTED_VALUE"""),"入力") -> 入力 | R12: =IFERROR(__xludf.DUMMYFUNCTION("""COMPUTED_VALUE"""),"要介護１ , 区分変更") -> 要介護１ , 区分変更 | V12: =IFERROR(__xludf.DUMMYFUNCTION("""COMPUTED_VALUE"""),"１割負担") -> １割負担 | W12: =IFERROR(__xludf.DUMMYFUNCTION("""COMPUTED_VALUE"""),"後期高齢者医療保険") -> 後期高齢者医療保険 | X12: =IFERROR(__xludf.DUMMYFUNCTION("""COMPUTED_VALUE"""),"無") -> 無 | Z12: =IFERROR(__xludf.DUMMYFUNCTION("""COMPUTED_VALUE"""),"無") -> 無 | AA12: =IFERROR(__xludf.DUMMYFUNCTION("""COMPUTED_VALUE"""),"無") -> 無 | AE12: =IFERROR(__xludf.DUMMYFUNCTION("""COMPUTED_VALUE"""),"入力") -> 入力 | AF12: =IFERROR(__xludf.DUMMYFUNCTION("""COMPUTED_VALUE"""),"薄田 勝美様") -> 薄田 勝美様 | AG12: =IFERROR(__xludf.DUMMYFUNCTION("""COMPUTED_VALUE"""),"長女") -> 長女 | AI12: =IFERROR(__xludf.DUMMYFUNCTION("""COMPUTED_VALUE"""),"同居") -> 同居 | AJ12: =IFERROR(__xludf.DUMMYFUNCTION("""COMPUTED_VALUE"""),"介護する") -> 介護する | AK12: =IFERROR(__xludf.DUMMYFUNCTION("""COMPUTED_VALUE"""),"無") -> 無 | AL12: =IFERROR(__xludf.DUMMYFUNCTION("""COMPUTED_VALUE"""),"090-4238-2620") -> 090-4238-2620 | AM12: =IFERROR(__xludf.DUMMYFUNCTION("""COMPUTED_VALUE"""),"KP") -> KP | AN12: =IFERROR(__xludf.DUMMYFUNCTION("""COMPUTED_VALUE"""),"薄田 健二様") -> 薄田 健二様 | AO12: =IFERROR(__xludf.DUMMYFUNCTION("""COMPUTED_VALUE"""),"長女の夫") -> 長女の夫 | AQ12: =IFERROR(__xludf.DUMMYFUNCTION("""COMPUTED_VALUE"""),"同居") -> 同居 | AR12: =IFERROR(__xludf.DUMMYFUNCTION("""COMPUTED_VALUE"""),"介護しない") -> 介護しない | AT12: =IFERROR(__xludf.DUMMYFUNCTION("""COMPUTED_VALUE"""),"090-4238-2620") -> 090-4238-2620 | AW12: =IFERROR(__xludf.DUMMYFUNCTION("""COMPUTED_VALUE"""),"入力") -> 入力 | AX12: =IFERROR(__xludf.DUMMYFUNCTION("""COMPUTED_VALUE"""),"家族同居") -> 家族同居 | AY12: =IFERROR(__xludf.DUMMYFUNCTION("""COMPUTED_VALUE"""),"一戸建て") -> 一戸建て | BA12: =IFERROR(__xludf.DUMMYFUNCTION("""COMPUTED_VALUE"""),"所有") -> 所有 | BB12: =IFERROR(__xludf.DUMMYFUNCTION("""COMPUTED_VALUE"""),"有") -> 有 | BC12: =IFERROR(__xludf.DUMMYFUNCTION("""COMPUTED_VALUE"""),"有") -> 有 | BD12: =IFERROR(__xludf.DUMMYFUNCTION("""COMPUTED_VALUE"""),"洋式") -> 洋式 | BG12: =IFERROR(__xludf.DUMMYFUNCTION("""COMPUTED_VALUE"""),"有") -> 有 | BH12: =IFERROR(__xludf.DUMMYFUNCTION("""COMPUTED_VALUE"""),"手すり無") -> 手すり無 | BI12: =IFERROR(__xludf.DUMMYFUNCTION("""COMPUTED_VALUE"""),"畳・床") -> 畳・床 | BJ12: =IFERROR(__xludf.DUMMYFUNCTION("""COMPUTED_VALUE"""),"無") -> 無 | BK12: =IFERROR(__xludf.DUMMYFUNCTION("""COMPUTED_VALUE"""),"無") -> 無 | BL12: =IFERROR(__xludf.DUMMYFUNCTION("""COMPUTED_VALUE"""),"無") -> 無 | BO12: =IFERROR(__xludf.DUMMYFUNCTION("""COMPUTED_VALUE"""),"入力") -> 入力 | BP12: =IFERROR(__xludf.DUMMYFUNCTION("""COMPUTED_VALUE"""),"通所介護") -> 通所介護 | BQ12: =IFERROR(__xludf.DUMMYFUNCTION("""COMPUTED_VALUE"""),"歩行補助つえ") -> 歩行補助つえ | BR12: =IFERROR(__xludf.DUMMYFUNCTION("""COMPUTED_VALUE"""),"特になし") -> 特になし | BT12: =IFERROR(__xludf.DUMMYFUNCTION("""COMPUTED_VALUE"""),"デイサービスを利用して他の方と交流はできているものの、本人は三重県になじめないと言われている。") -> デイサービスを利用して他の方と交流はできているものの、本人は三重県になじめないと言われている。 | BW12: =IFERROR(__xludf.DUMMYFUNCTION("""COMPUTED_VALUE"""),"入力") -> 入力 | BX12: =IFERROR(__xludf.DUMMYFUNCTION("""COMPUTED_VALUE"""),"右大腿骨頸部骨折（8/13人工骨頭置換術施行）") -> 右大腿骨頸部骨折（8/13人工骨頭置換術施行） | BY12: =IFERROR(__xludf.DUMMYFUNCTION("""COMPUTED_VALUE"""),"令和6年8月2日") -> 令和6年8月2日 | CX12: =IFERROR(__xludf.DUMMYFUNCTION("""COMPUTED_VALUE"""),"入力") -> 入力 | CY12: =IFERROR(__xludf.DUMMYFUNCTION("""COMPUTED_VALUE"""),"無") -> 無 | CZ12: =IFERROR(__xludf.DUMMYFUNCTION("""COMPUTED_VALUE"""),"無") -> 無 | DA12: =IFERROR(__xludf.DUMMYFUNCTION("""COMPUTED_VALUE"""),"無") -> 無 | DB12: =IFERROR(__xludf.DUMMYFUNCTION("""COMPUTED_VALUE"""),"特になし") -> 特になし | DC12: =IFERROR(__xludf.DUMMYFUNCTION("""COMPUTED_VALUE"""),"右足軽度痛みあり") -> 右足軽度痛みあり | DD12: =IFERROR(__xludf.DUMMYFUNCTION("""COMPUTED_VALUE"""),0) -> 0 | DE12: =IFERROR(__xludf.DUMMYFUNCTION("""COMPUTED_VALUE"""),0) -> 0 | DF12: =IFERROR(__xludf.DUMMYFUNCTION("""COMPUTED_VALUE"""),"大きい字は可") -> 大きい字は可 | DG12: =IFERROR(__xludf.DUMMYFUNCTION("""COMPUTED_VALUE"""),"無") -> 無 | DH12: =IFERROR(__xludf.DUMMYFUNCTION("""COMPUTED_VALUE"""),"大きい声は可") -> 大きい声は可 | DI12: =IFERROR(__xludf.DUMMYFUNCTION("""COMPUTED_VALUE"""),"有") -> 有 | DJ12: =IFERROR(__xludf.DUMMYFUNCTION("""COMPUTED_VALUE"""),"術後、痛みは継続しているものの、徐々に落ち着いてきている。") -> 術後、痛みは継続しているものの、徐々に落ち着いてきている。 | DL12: =IFERROR(__xludf.DUMMYFUNCTION("""COMPUTED_VALUE"""),"入力") -> 入力 | DM12: =IFERROR(__xludf.DUMMYFUNCTION("""COMPUTED_VALUE"""),"有") -> 有 | DN12: =IFERROR(__xludf.DUMMYFUNCTION("""COMPUTED_VALUE"""),"中等度") -> 中等度 | DO12: =IFERROR(__xludf.DUMMYFUNCTION("""COMPUTED_VALUE"""),"無") -> 無 | DP12: =IFERROR(__xludf.DUMMYFUNCTION("""COMPUTED_VALUE"""),"可能") -> 可能 | DQ12: =IFERROR(__xludf.DUMMYFUNCTION("""COMPUTED_VALUE"""),"その場のみ可") -> その場のみ可 | DR12: =IFERROR(__xludf.DUMMYFUNCTION("""COMPUTED_VALUE"""),"認知機能の低下はあるものの、入院中に大きな変化は見られない。") -> 認知機能の低下はあるものの、入院中に大きな変化は見られない。 | DU12: =IFERROR(__xludf.DUMMYFUNCTION("""COMPUTED_VALUE"""),"入力") -> 入力 | DV12: =IFERROR(__xludf.DUMMYFUNCTION("""COMPUTED_VALUE"""),"できない") -> できない | DW12: =IFERROR(__xludf.DUMMYFUNCTION("""COMPUTED_VALUE"""),"できない") -> できない | DX12: =IFERROR(__xludf.DUMMYFUNCTION("""COMPUTED_VALUE"""),"支えてもらえればできる") -> 支えてもらえればできる | DY12: =IFERROR(__xludf.DUMMYFUNCTION("""COMPUTED_VALUE"""),"できない") -> できない | DZ12: =IFERROR(__xludf.DUMMYFUNCTION("""COMPUTED_VALUE"""),"何か支えがあればできる") -> 何か支えがあればできる | EA12: =IFERROR(__xludf.DUMMYFUNCTION("""COMPUTED_VALUE"""),"一部介助") -> 一部介助 | EB12: =IFERROR(__xludf.DUMMYFUNCTION("""COMPUTED_VALUE"""),"一部介助") -> 一部介助 | EC12: =IFERROR(__xludf.DUMMYFUNCTION("""COMPUTED_VALUE"""),"歩行器") -> 歩行器 | ED12: =IFERROR(__xludf.DUMMYFUNCTION("""COMPUTED_VALUE"""),"全介助") -> 全介助 | EE12: =IFERROR(__xludf.DUMMYFUNCTION("""COMPUTED_VALUE"""),"車椅子") -> 車椅子 | EF12: =IFERROR(__xludf.DUMMYFUNCTION("""COMPUTED_VALUE"""),"全身の筋力低下があり、起居動作は軽介助が必要。起き上がりの際はギャッジアップを活用。移動は前腕支持型の歩行器を使用することで、見守り～一部介助で歩行可能だが、後方重心で後方への転倒リスクが高いため方向転換や着座時は介助が必要。認知機能の低下から危険認識力が少なく、ご自身でベッドから降りようとされたり突発的な危険行動も多い。") -> 全身の筋力低下があり、起居動作は軽介助が必要。起き上がりの際はギャッジアップを活用。移動は前腕支持型の歩行器を使用することで、見守り～一部介助で歩行可能だが、後方重心で後方への転倒リスクが高いため方向転換や着座時は介助が必要。認知機能の低下から危険認識力が少なく、ご自身でベッドから降りようとされたり突発的な危険行動も多い。 | EH12: =IFERROR(__xludf.DUMMYFUNCTION("""COMPUTED_VALUE"""),"入力") -> 入力 | EI12: =IFERROR(__xludf.DUMMYFUNCTION("""COMPUTED_VALUE"""),"入力") -> 入力 | EJ12: =IFERROR(__xludf.DUMMYFUNCTION("""COMPUTED_VALUE"""),"経口摂取") -> 経口摂取 | EK12: =IFERROR(__xludf.DUMMYFUNCTION("""COMPUTED_VALUE"""),"自立") -> 自立 | EL12: =IFERROR(__xludf.DUMMYFUNCTION("""COMPUTED_VALUE"""),"できる") -> できる | EM12: =IFERROR(__xludf.DUMMYFUNCTION("""COMPUTED_VALUE"""),"普通") -> 普通 | EN12: =IFERROR(__xludf.DUMMYFUNCTION("""COMPUTED_VALUE"""),"普通") -> 普通 | EO12: =IFERROR(__xludf.DUMMYFUNCTION("""COMPUTED_VALUE"""),"無") -> 無 | EP12: =IFERROR(__xludf.DUMMYFUNCTION("""COMPUTED_VALUE"""),"有") -> 有 | EQ12: =IFERROR(__xludf.DUMMYFUNCTION("""COMPUTED_VALUE"""),"箸 , スプーン") -> 箸 , スプーン | ER12: =IFERROR(__xludf.DUMMYFUNCTION("""COMPUTED_VALUE"""),"食事は減塩食を食べられているが、嚥下や食事動作は問題なし。脱水傾向にあるため水分の摂取を進めていく必要がある。") -> 食事は減塩食を食べられているが、嚥下や食事動作は問題なし。脱水傾向にあるため水分の摂取を進めていく必要がある。 | ET12: =IFERROR(__xludf.DUMMYFUNCTION("""COMPUTED_VALUE"""),"入力") -> 入力 | EU12: =IFERROR(__xludf.DUMMYFUNCTION("""COMPUTED_VALUE"""),"全介助") -> 全介助 | EW12: =IFERROR(__xludf.DUMMYFUNCTION("""COMPUTED_VALUE"""),"有") -> 有 | EZ12: =IFERROR(__xludf.DUMMYFUNCTION("""COMPUTED_VALUE"""),"義歯の洗浄は今迄通りご家族様で対応する必要がある。") -> 義歯の洗浄は今迄通りご家族様で対応する必要がある。 | FB12: =IFERROR(__xludf.DUMMYFUNCTION("""COMPUTED_VALUE"""),"入力") -> 入力 | FC12: =IFERROR(__xludf.DUMMYFUNCTION("""COMPUTED_VALUE"""),"全介助") -> 全介助 | FD12: =IFERROR(__xludf.DUMMYFUNCTION("""COMPUTED_VALUE"""),"シャワー浴") -> シャワー浴 | FE12: =IFERROR(__xludf.DUMMYFUNCTION("""COMPUTED_VALUE"""),"無") -> 無 | FG12: =IFERROR(__xludf.DUMMYFUNCTION("""COMPUTED_VALUE"""),"一部介助") -> 一部介助 | FH12: =IFERROR(__xludf.DUMMYFUNCTION("""COMPUTED_VALUE"""),"全介助") -> 全介助 | FI12: =IFERROR(__xludf.DUMMYFUNCTION("""COMPUTED_VALUE"""),"浴槽を跨ぐことで転倒リスクが高く、自宅での入浴は控えたほうがよいとリハビリスタッフから助言有。ただご自宅での入浴も行いたいと希望があることから今後利用予定の訪問リハビリの支援の中で自宅で入浴できるかを判断して頂く。またみどり津デイを週2回→週3回に変更し入浴回数の確保を行う。") -> 浴槽を跨ぐことで転倒リスクが高く、自宅での入浴は控えたほうがよいとリハビリスタッフから助言有。ただご自宅での入浴も行いたいと希望があることから今後利用予定の訪問リハビリの支援の中で自宅で入浴できるかを判断して頂く。またみどり津デイを週2回→週3回に変更し入浴回数の確保を行う。 | FK12: =IFERROR(__xludf.DUMMYFUNCTION("""COMPUTED_VALUE"""),"入力") -> 入力 | FL12: =IFERROR(__xludf.DUMMYFUNCTION("""COMPUTED_VALUE"""),"一部介助") -> 一部介助 | FM12: =IFERROR(__xludf.DUMMYFUNCTION("""COMPUTED_VALUE"""),"有") -> 有 | FN12: =IFERROR(__xludf.DUMMYFUNCTION("""COMPUTED_VALUE"""),"有") -> 有 | FO12: =IFERROR(__xludf.DUMMYFUNCTION("""COMPUTED_VALUE"""),"有") -> 有 | FP12: =IFERROR(__xludf.DUMMYFUNCTION("""COMPUTED_VALUE"""),"無") -> 無 | FR12: =IFERROR(__xludf.DUMMYFUNCTION("""COMPUTED_VALUE"""),"トイレ") -> トイレ | FS12: =IFERROR(__xludf.DUMMYFUNCTION("""COMPUTED_VALUE"""),"トイレ") -> トイレ | FT12: =IFERROR(__xludf.DUMMYFUNCTION("""COMPUTED_VALUE"""),"リハビリパンツ , 小パット") -> リハビリパンツ , 小パット | FU12: =IFERROR(__xludf.DUMMYFUNCTION("""COMPUTED_VALUE"""),"立位保持は可能なものの、ズボンやリハパンの上げ下ろしに介助を要す。夜間は紙おむつの着用が望ましい。またリハビリの先生から自宅ではPトイレの使用が望ましいと提案があった。ご家族様にもPトイレを提案するが、「なるべくならトイレでしてほしい。」と希望あり。") -> 立位保持は可能なものの、ズボンやリハパンの上げ下ろしに介助を要す。夜間は紙おむつの着用が望ましい。またリハビリの先生から自宅ではPトイレの使用が望ましいと提案があった。ご家族様にもPトイレを提案するが、「なるべくならトイレでしてほしい。」と希望あり。 | FX12: =IFERROR(__xludf.DUMMYFUNCTION("""COMPUTED_VALUE"""),"入力") -> 入力 | FY12: =IFERROR(__xludf.DUMMYFUNCTION("""COMPUTED_VALUE"""),"全介助") -> 全介助 | FZ12: =IFERROR(__xludf.DUMMYFUNCTION("""COMPUTED_VALUE"""),"全介助") -> 全介助 | GA12: =IFERROR(__xludf.DUMMYFUNCTION("""COMPUTED_VALUE"""),"全介助") -> 全介助 | GB12: =IFERROR(__xludf.DUMMYFUNCTION("""COMPUTED_VALUE"""),"全介助") -> 全介助 | GC12: =IFERROR(__xludf.DUMMYFUNCTION("""COMPUTED_VALUE"""),"全介助") -> 全介助 | GD12: =IFERROR(__xludf.DUMMYFUNCTION("""COMPUTED_VALUE"""),"ご家族様で対応して頂く。") -> ご家族様で対応して頂く。 | GG12: =IFERROR(__xludf.DUMMYFUNCTION("""COMPUTED_VALUE"""),"現在要介護1のため退院後に区分変更申請を行う。また自宅に退院するに当たり自宅の環境調整が必須。現在ふとんでの生活となっているが、介護ベッドの導入やトイレまでの手すり、またはPトイレの導入等検討していく必要がある。ご家族様はPトイレよりトイレへ行って排泄してほしいと希望あり。") -> 現在要介護1のため退院後に区分変更申請を行う。また自宅に退院するに当たり自宅の環境調整が必須。現在ふとんでの生活となっているが、介護ベッドの導入やトイレまでの手すり、またはPトイレの導入等検討していく必要がある。ご家族様はPトイレよりトイレへ行って排泄してほしいと希望あり。 | GH12: =IFERROR(__xludf.DUMMYFUNCTION("""COMPUTED_VALUE"""),30) -> 30
C13: =IFERROR(__xludf.DUMMYFUNCTION("""COMPUTED_VALUE"""),"井ノ口 俊明") -> 井ノ口 俊明 | D13: =IFERROR(__xludf.DUMMYFUNCTION("""COMPUTED_VALUE"""),"a4dc121b") -> a4dc121b | I13: =IFERROR(__xludf.DUMMYFUNCTION("""COMPUTED_VALUE"""),45568) -> 45568 | J13: =IFERROR(__xludf.DUMMYFUNCTION("""COMPUTED_VALUE"""),"山川 和輝") -> 山川 和輝 | K13: =IFERROR(__xludf.DUMMYFUNCTION("""COMPUTED_VALUE"""),"新規") -> 新規 | L13: =IFERROR(__xludf.DUMMYFUNCTION("""COMPUTED_VALUE"""),"本人のご自宅") -> 本人のご自宅 | M13: =IFERROR(__xludf.DUMMYFUNCTION("""COMPUTED_VALUE"""),"2年前より徐々に足腰が弱りはじめ、介護保険を申請し要介護2となった。最近では物忘れも多く、デイサービスを多く利用し生活されているが、妻の介助では介助負担も多く、自宅での生活が難しくなってきたため安濃津ろまんへ申込を行った。") -> 2年前より徐々に足腰が弱りはじめ、介護保険を申請し要介護2となった。最近では物忘れも多く、デイサービスを多く利用し生活されているが、妻の介助では介助負担も多く、自宅での生活が難しくなってきたため安濃津ろまんへ申込を行った。 | N13: =IFERROR(__xludf.DUMMYFUNCTION("""COMPUTED_VALUE"""),"なにも悪い所はないので、このまま家で生活し続けたい。") -> なにも悪い所はないので、このまま家で生活し続けたい。 | O13: =IFERROR(__xludf.DUMMYFUNCTION("""COMPUTED_VALUE"""),"家で介護するのもつかれたため、施設に入居して安心して生活を送ってもらいたい。") -> 家で介護するのもつかれたため、施設に入居して安心して生活を送ってもらいたい。 | AE13: =IFERROR(__xludf.DUMMYFUNCTION("""COMPUTED_VALUE"""),"入力") -> 入力 | AF13: =IFERROR(__xludf.DUMMYFUNCTION("""COMPUTED_VALUE"""),"井ノ口 美枝子様") -> 井ノ口 美枝子様 | AG13: =IFERROR(__xludf.DUMMYFUNCTION("""COMPUTED_VALUE"""),"妻") -> 妻 | AI13: =IFERROR(__xludf.DUMMYFUNCTION("""COMPUTED_VALUE"""),"同居") -> 同居 | AJ13: =IFERROR(__xludf.DUMMYFUNCTION("""COMPUTED_VALUE"""),"介護する") -> 介護する | AK13: =IFERROR(__xludf.DUMMYFUNCTION("""COMPUTED_VALUE"""),"無") -> 無 | AL13: =IFERROR(__xludf.DUMMYFUNCTION("""COMPUTED_VALUE"""),"090-5862-6986") -> 090-5862-6986 | AM13: =IFERROR(__xludf.DUMMYFUNCTION("""COMPUTED_VALUE"""),"KP") -> KP | AW13: =IFERROR(__xludf.DUMMYFUNCTION("""COMPUTED_VALUE"""),"入力") -> 入力 | AX13: =IFERROR(__xludf.DUMMYFUNCTION("""COMPUTED_VALUE"""),"高齢所帯") -> 高齢所帯 | AY13: =IFERROR(__xludf.DUMMYFUNCTION("""COMPUTED_VALUE"""),"一戸建て") -> 一戸建て | BA13: =IFERROR(__xludf.DUMMYFUNCTION("""COMPUTED_VALUE"""),"所有") -> 所有 | BB13: =IFERROR(__xludf.DUMMYFUNCTION("""COMPUTED_VALUE"""),"有") -> 有 | BC13: =IFERROR(__xludf.DUMMYFUNCTION("""COMPUTED_VALUE"""),"有") -> 有 | BD13: =IFERROR(__xludf.DUMMYFUNCTION("""COMPUTED_VALUE"""),"洋式") -> 洋式 | BG13: =IFERROR(__xludf.DUMMYFUNCTION("""COMPUTED_VALUE"""),"有") -> 有 | BH13: =IFERROR(__xludf.DUMMYFUNCTION("""COMPUTED_VALUE"""),"手すり無") -> 手すり無 | BI13: =IFERROR(__xludf.DUMMYFUNCTION("""COMPUTED_VALUE"""),"畳・床") -> 畳・床 | BJ13: =IFERROR(__xludf.DUMMYFUNCTION("""COMPUTED_VALUE"""),"有") -> 有 | BK13: =IFERROR(__xludf.DUMMYFUNCTION("""COMPUTED_VALUE"""),"無") -> 無 | BL13: =IFERROR(__xludf.DUMMYFUNCTION("""COMPUTED_VALUE"""),"無") -> 無 | BW13: =IFERROR(__xludf.DUMMYFUNCTION("""COMPUTED_VALUE"""),"入力") -> 入力 | BX13: =IFERROR(__xludf.DUMMYFUNCTION("""COMPUTED_VALUE"""),"前立腺肥大") -> 前立腺肥大 | BY13: =IFERROR(__xludf.DUMMYFUNCTION("""COMPUTED_VALUE"""),"不詳") -> 不詳 | BZ13: =IFERROR(__xludf.DUMMYFUNCTION("""COMPUTED_VALUE"""),"高血圧症") -> 高血圧症 | CA13: =IFERROR(__xludf.DUMMYFUNCTION("""COMPUTED_VALUE"""),"平成6年") -> 平成6年 | CB13: =IFERROR(__xludf.DUMMYFUNCTION("""COMPUTED_VALUE"""),"糖尿病") -> 糖尿病 | CC13: =IFERROR(__xludf.DUMMYFUNCTION("""COMPUTED_VALUE"""),"平成6年") -> 平成6年 | CD13: =IFERROR(__xludf.DUMMYFUNCTION("""COMPUTED_VALUE"""),"高脂血症") -> 高脂血症 | CE13: =IFERROR(__xludf.DUMMYFUNCTION("""COMPUTED_VALUE"""),"平成6年") -> 平成6年 | CJ13: =IFERROR(__xludf.DUMMYFUNCTION("""COMPUTED_VALUE"""),"現在は月２回前立腺肥大で武内病院を受診している。また糖尿病や高脂血症、高血圧症にて高野尾クリニックに定期的に受診しており処方を受けている。入居後は加藤医院に変更となる。") -> 現在は月２回前立腺肥大で武内病院を受診している。また糖尿病や高脂血症、高血圧症にて高野尾クリニックに定期的に受診しており処方を受けている。入居後は加藤医院に変更となる。 | CS13: =IFERROR(__xludf.DUMMYFUNCTION("""COMPUTED_VALUE"""),"平成22年に脊柱管狭窄症となっており、それ以降下肢のしびれや筋力低下、脱力等の症状がある。") -> 平成22年に脊柱管狭窄症となっており、それ以降下肢のしびれや筋力低下、脱力等の症状がある。 | CT13: =IFERROR(__xludf.DUMMYFUNCTION("""COMPUTED_VALUE"""),"奥様が袋を開封し手に薬を出して飲んで頂いている。") -> 奥様が袋を開封し手に薬を出して飲んで頂いている。 | CX13: =IFERROR(__xludf.DUMMYFUNCTION("""COMPUTED_VALUE"""),"入力") -> 入力 | CY13: =IFERROR(__xludf.DUMMYFUNCTION("""COMPUTED_VALUE"""),"無") -> 無 | CZ13: =IFERROR(__xludf.DUMMYFUNCTION("""COMPUTED_VALUE"""),"無") -> 無 | DA13: =IFERROR(__xludf.DUMMYFUNCTION("""COMPUTED_VALUE"""),"無") -> 無 | DB13: =IFERROR(__xludf.DUMMYFUNCTION("""COMPUTED_VALUE"""),"特になし") -> 特になし | DC13: =IFERROR(__xludf.DUMMYFUNCTION("""COMPUTED_VALUE"""),"特になし") -> 特になし | DF13: =IFERROR(__xludf.DUMMYFUNCTION("""COMPUTED_VALUE"""),"正常") -> 正常 | DG13: =IFERROR(__xludf.DUMMYFUNCTION("""COMPUTED_VALUE"""),"無") -> 無 | DH13: =IFERROR(__xludf.DUMMYFUNCTION("""COMPUTED_VALUE"""),"正常") -> 正常 | DI13: =IFERROR(__xludf.DUMMYFUNCTION("""COMPUTED_VALUE"""),"無") -> 無 | DJ13: =IFERROR(__xludf.DUMMYFUNCTION("""COMPUTED_VALUE"""),"大きな病気はなく健康状態は比較的良好だが、前立腺肥大の服薬の副作用によるものが尿が多量となっている。 病名はついていないが、手の震えもある。") -> 大きな病気はなく健康状態は比較的良好だが、前立腺肥大の服薬の副作用によるものが尿が多量となっている。 病名はついていないが、手の震えもある。 | DL13: =IFERROR(__xludf.DUMMYFUNCTION("""COMPUTED_VALUE"""),"入力") -> 入力 | DM13: =IFERROR(__xludf.DUMMYFUNCTION("""COMPUTED_VALUE"""),"有") -> 有 | DN13: =IFERROR(__xludf.DUMMYFUNCTION("""COMPUTED_VALUE"""),"中等度") -> 中等度 | DO13: =IFERROR(__xludf.DUMMYFUNCTION("""COMPUTED_VALUE"""),"大声・奇声") -> 大声・奇声 | DP13: =IFERROR(__xludf.DUMMYFUNCTION("""COMPUTED_VALUE"""),"可能") -> 可能 | DQ13: =IFERROR(__xludf.DUMMYFUNCTION("""COMPUTED_VALUE"""),"その場のみ可") -> その場のみ可 | DR13: =IFERROR(__xludf.DUMMYFUNCTION("""COMPUTED_VALUE"""),"認知機能は低下が見られ、特に見当識が著明。食事を食べた直後でも食べた食事内容を忘れたり、食べていないということもある。 自分の気に入らないことがあると大声で怒ったりする。介護抵抗はないものの、デイサービスや入浴時に拒否的な発言が見られる。 危険認識力の低下により、自分のことは自分でできると言動がある。") -> 認知機能は低下が見られ、特に見当識が著明。食事を食べた直後でも食べた食事内容を忘れたり、食べていないということもある。 自分の気に入らないことがあると大声で怒ったりする。介護抵抗はないものの、デイサービスや入浴時に拒否的な発言が見られる。 危険認識力の低下により、自分のことは自分でできると言動がある。 | DU13: =IFERROR(__xludf.DUMMYFUNCTION("""COMPUTED_VALUE"""),"入力") -> 入力 | DV13: =IFERROR(__xludf.DUMMYFUNCTION("""COMPUTED_VALUE"""),"何かにつかまればできる") -> 何かにつかまればできる | DW13: =IFERROR(__xludf.DUMMYFUNCTION("""COMPUTED_VALUE"""),"何かにつかまればできる") -> 何かにつかまればできる | DX13: =IFERROR(__xludf.DUMMYFUNCTION("""COMPUTED_VALUE"""),"支えてもらえればできる") -> 支えてもらえればできる | DY13: =IFERROR(__xludf.DUMMYFUNCTION("""COMPUTED_VALUE"""),"何かにつかまればできる") -> 何かにつかまればできる | DZ13: =IFERROR(__xludf.DUMMYFUNCTION("""COMPUTED_VALUE"""),"何か支えがあればできる") -> 何か支えがあればできる | EA13: =IFERROR(__xludf.DUMMYFUNCTION("""COMPUTED_VALUE"""),"一部介助") -> 一部介助 | EB13: =IFERROR(__xludf.DUMMYFUNCTION("""COMPUTED_VALUE"""),"一部介助") -> 一部介助 | EC13: =IFERROR(__xludf.DUMMYFUNCTION("""COMPUTED_VALUE"""),"独歩") -> 独歩 | ED13: =IFERROR(__xludf.DUMMYFUNCTION("""COMPUTED_VALUE"""),"一部介助") -> 一部介助 | EE13: =IFERROR(__xludf.DUMMYFUNCTION("""COMPUTED_VALUE"""),"独歩") -> 独歩 | EF13: =IFERROR(__xludf.DUMMYFUNCTION("""COMPUTED_VALUE"""),"現在床で寝られており、起き上がりや起立に介助が必要。椅子からの起立は低いと立ち上がりにくさはあったがご自身で可能。移動は現在は常に奥様が付き添って介助を行う。ご自身で歩かれる様子も見られる。 手すりを使用することでお一人でも移動が可能。入居後は歩行器を提案。") -> 現在床で寝られており、起き上がりや起立に介助が必要。椅子からの起立は低いと立ち上がりにくさはあったがご自身で可能。移動は現在は常に奥様が付き添って介助を行う。ご自身で歩かれる様子も見られる。 手すりを使用することでお一人でも移動が可能。入居後は歩行器を提案。 | EH13: =IFERROR(__xludf.DUMMYFUNCTION("""COMPUTED_VALUE"""),"入力") -> 入力 | EI13: =IFERROR(__xludf.DUMMYFUNCTION("""COMPUTED_VALUE"""),"入力") -> 入力 | EJ13: =IFERROR(__xludf.DUMMYFUNCTION("""COMPUTED_VALUE"""),"経口摂取") -> 経口摂取 | EK13: =IFERROR(__xludf.DUMMYFUNCTION("""COMPUTED_VALUE"""),"自立") -> 自立 | EL13: =IFERROR(__xludf.DUMMYFUNCTION("""COMPUTED_VALUE"""),"できる") -> できる | EM13: =IFERROR(__xludf.DUMMYFUNCTION("""COMPUTED_VALUE"""),"普通") -> 普通 | EN13: =IFERROR(__xludf.DUMMYFUNCTION("""COMPUTED_VALUE"""),"普通") -> 普通 | EO13: =IFERROR(__xludf.DUMMYFUNCTION("""COMPUTED_VALUE"""),"無") -> 無 | EP13: =IFERROR(__xludf.DUMMYFUNCTION("""COMPUTED_VALUE"""),"無") -> 無 | EQ13: =IFERROR(__xludf.DUMMYFUNCTION("""COMPUTED_VALUE"""),"箸 , スプーン") -> 箸 , スプーン | ER13: =IFERROR(__xludf.DUMMYFUNCTION("""COMPUTED_VALUE"""),"手の震えがあり、食べこぼしが多いもののご自身で食べることができる。") -> 手の震えがあり、食べこぼしが多いもののご自身で食べることができる。 | ET13: =IFERROR(__xludf.DUMMYFUNCTION("""COMPUTED_VALUE"""),"入力") -> 入力 | EU13: =IFERROR(__xludf.DUMMYFUNCTION("""COMPUTED_VALUE"""),"見守り") -> 見守り | EW13: =IFERROR(__xludf.DUMMYFUNCTION("""COMPUTED_VALUE"""),"無") -> 無 | EZ13: =IFERROR(__xludf.DUMMYFUNCTION("""COMPUTED_VALUE"""),"歯みがきは促しやセッティングは必要なものの、手渡しするとご自身で行えている。義歯はなく、すべて自分の歯となっている。") -> 歯みがきは促しやセッティングは必要なものの、手渡しするとご自身で行えている。義歯はなく、すべて自分の歯となっている。 | FB13: =IFERROR(__xludf.DUMMYFUNCTION("""COMPUTED_VALUE"""),"入力") -> 入力 | FC13: =IFERROR(__xludf.DUMMYFUNCTION("""COMPUTED_VALUE"""),"一部介助") -> 一部介助 | FD13: =IFERROR(__xludf.DUMMYFUNCTION("""COMPUTED_VALUE"""),"シャワー浴") -> シャワー浴 | FE13: =IFERROR(__xludf.DUMMYFUNCTION("""COMPUTED_VALUE"""),"無") -> 無 | FG13: =IFERROR(__xludf.DUMMYFUNCTION("""COMPUTED_VALUE"""),"一部介助") -> 一部介助 | FH13: =IFERROR(__xludf.DUMMYFUNCTION("""COMPUTED_VALUE"""),"全介助") -> 全介助 | FI13: =IFERROR(__xludf.DUMMYFUNCTION("""COMPUTED_VALUE"""),"現在入浴は、花紬デイサービスで週４回入浴しており、デイサービスがない日は奥様が自宅のお風呂に介助で入れている。着替えも協力動作はあるものの介助が必要な状況。") -> 現在入浴は、花紬デイサービスで週４回入浴しており、デイサービスがない日は奥様が自宅のお風呂に介助で入れている。着替えも協力動作はあるものの介助が必要な状況。 | FK13: =IFERROR(__xludf.DUMMYFUNCTION("""COMPUTED_VALUE"""),"入力") -> 入力 | FL13: =IFERROR(__xludf.DUMMYFUNCTION("""COMPUTED_VALUE"""),"一部介助") -> 一部介助 | FM13: =IFERROR(__xludf.DUMMYFUNCTION("""COMPUTED_VALUE"""),"有") -> 有 | FN13: =IFERROR(__xludf.DUMMYFUNCTION("""COMPUTED_VALUE"""),"有") -> 有 | FO13: =IFERROR(__xludf.DUMMYFUNCTION("""COMPUTED_VALUE"""),"有") -> 有 | FP13: =IFERROR(__xludf.DUMMYFUNCTION("""COMPUTED_VALUE"""),"有") -> 有 | FR13: =IFERROR(__xludf.DUMMYFUNCTION("""COMPUTED_VALUE"""),"トイレ") -> トイレ | FS13: =IFERROR(__xludf.DUMMYFUNCTION("""COMPUTED_VALUE"""),"トイレ") -> トイレ | FT13: =IFERROR(__xludf.DUMMYFUNCTION("""COMPUTED_VALUE"""),"リハビリパンツ , 大パット") -> リハビリパンツ , 大パット | FU13: =IFERROR(__xludf.DUMMYFUNCTION("""COMPUTED_VALUE"""),"尿意便意はあるものの曖昧。前立腺肥大の服薬の副作用か、尿量が多量でちょろちょろ出ていることに気づかれておらず毎日失禁が見られる。 ご自身でトイレに行かれる姿はあるものの、すでにリハビリパンツ内に出ていることがほとんど。リハビリパンツの交換は奥様が介助で行っている。夜間やリハビリパンツに大パットを使用している。") -> 尿意便意はあるものの曖昧。前立腺肥大の服薬の副作用か、尿量が多量でちょろちょろ出ていることに気づかれておらず毎日失禁が見られる。 ご自身でトイレに行かれる姿はあるものの、すでにリハビリパンツ内に出ていることがほとんど。リハビリパンツの交換は奥様が介助で行っている。夜間やリハビリパンツに大パットを使用している。 | FX13: =IFERROR(__xludf.DUMMYFUNCTION("""COMPUTED_VALUE"""),"入力") -> 入力 | FY13: =IFERROR(__xludf.DUMMYFUNCTION("""COMPUTED_VALUE"""),"全介助") -> 全介助 | FZ13: =IFERROR(__xludf.DUMMYFUNCTION("""COMPUTED_VALUE"""),"全介助") -> 全介助 | GA13: =IFERROR(__xludf.DUMMYFUNCTION("""COMPUTED_VALUE"""),"全介助") -> 全介助 | GB13: =IFERROR(__xludf.DUMMYFUNCTION("""COMPUTED_VALUE"""),"全介助") -> 全介助 | GC13: =IFERROR(__xludf.DUMMYFUNCTION("""COMPUTED_VALUE"""),"全介助") -> 全介助 | GD13: =IFERROR(__xludf.DUMMYFUNCTION("""COMPUTED_VALUE"""),"すべて奥様の介助で行っている。") -> すべて奥様の介助で行っている。 | GG13: =IFERROR(__xludf.DUMMYFUNCTION("""COMPUTED_VALUE"""),"本人は頑固な性格のため、怒り出してしまうことも度々見られると考えられる。また危険認識力の低下により転倒のリスクもかなり高いためリスク同意書の説明を行う。") -> 本人は頑固な性格のため、怒り出してしまうことも度々見られると考えられる。また危険認識力の低下により転倒のリスクもかなり高いためリスク同意書の説明を行う。 | GH13: =IFERROR(__xludf.DUMMYFUNCTION("""COMPUTED_VALUE"""),30) -> 30
C14: =IFERROR(__xludf.DUMMYFUNCTION("""COMPUTED_VALUE"""),"近澤 秋男") -> 近澤 秋男 | D14: =IFERROR(__xludf.DUMMYFUNCTION("""COMPUTED_VALUE"""),"5dee2753") -> 5dee2753 | I14: =IFERROR(__xludf.DUMMYFUNCTION("""COMPUTED_VALUE"""),45572) -> 45572 | J14: =IFERROR(__xludf.DUMMYFUNCTION("""COMPUTED_VALUE"""),"山川 和輝") -> 山川 和輝 | L14: =IFERROR(__xludf.DUMMYFUNCTION("""COMPUTED_VALUE"""),"本人の居室") -> 本人の居室 | M14: =IFERROR(__xludf.DUMMYFUNCTION("""COMPUTED_VALUE"""),"もともと長男夫婦、奥様と同居していたが、奥様の認知症が悪化し平成28年に妻は施設入所。平成30年2月にご逝去されている。本人も物忘れ等がみられるが介護サービスを受けず生活されていた。令和1年8月21日に自転車運転中に車と接触事故を起こし左足2ヵ所骨折、亀山医療センター入院となる。令和1年8月22日、接合術施行。歩行が出来る程回復したが認知症を発症し自宅で生活が出来なくなり、老健施設に入所となった。 退所後、自宅生活が難しいことから令和3年9月11日に安濃津ろまんへ入居となった。") -> もともと長男夫婦、奥様と同居していたが、奥様の認知症が悪化し平成28年に妻は施設入所。平成30年2月にご逝去されている。本人も物忘れ等がみられるが介護サービスを受けず生活されていた。令和1年8月21日に自転車運転中に車と接触事故を起こし左足2ヵ所骨折、亀山医療センター入院となる。令和1年8月22日、接合術施行。歩行が出来る程回復したが認知症を発症し自宅で生活が出来なくなり、老健施設に入所となった。 退所後、自宅生活が難しいことから令和3年9月11日に安濃津ろまんへ入居となった。 | N14: =IFERROR(__xludf.DUMMYFUNCTION("""COMPUTED_VALUE"""),"色々と厄介になりますが、よろしくお願いします。") -> 色々と厄介になりますが、よろしくお願いします。 | O14: =IFERROR(__xludf.DUMMYFUNCTION("""COMPUTED_VALUE"""),"今の健康状態を維持した生活が送れるようにしたいと思っています。") -> 今の健康状態を維持した生活が送れるようにしたいと思っています。 | Q14: =IFERROR(__xludf.DUMMYFUNCTION("""COMPUTED_VALUE"""),"入力") -> 入力 | R14: =IFERROR(__xludf.DUMMYFUNCTION("""COMPUTED_VALUE"""),"要介護２") -> 要介護２ | S14: =IFERROR(__xludf.DUMMYFUNCTION("""COMPUTED_VALUE"""),"令和6年8月30日") -> 令和6年8月30日 | T14: =IFERROR(__xludf.DUMMYFUNCTION("""COMPUTED_VALUE"""),"令和6年9月1日") -> 令和6年9月1日 | U14: =IFERROR(__xludf.DUMMYFUNCTION("""COMPUTED_VALUE"""),"令和9年8月31日") -> 令和9年8月31日 | V14: =IFERROR(__xludf.DUMMYFUNCTION("""COMPUTED_VALUE"""),"２割負担") -> ２割負担 | W14: =IFERROR(__xludf.DUMMYFUNCTION("""COMPUTED_VALUE"""),"後期高齢者医療保険") -> 後期高齢者医療保険 | X14: =IFERROR(__xludf.DUMMYFUNCTION("""COMPUTED_VALUE"""),"無") -> 無 | Z14: =IFERROR(__xludf.DUMMYFUNCTION("""COMPUTED_VALUE"""),"無") -> 無 | AA14: =IFERROR(__xludf.DUMMYFUNCTION("""COMPUTED_VALUE"""),"無") -> 無 | AE14: =IFERROR(__xludf.DUMMYFUNCTION("""COMPUTED_VALUE"""),"入力") -> 入力 | AF14: =IFERROR(__xludf.DUMMYFUNCTION("""COMPUTED_VALUE"""),"近澤 勝則様") -> 近澤 勝則様 | AG14: =IFERROR(__xludf.DUMMYFUNCTION("""COMPUTED_VALUE"""),"長男") -> 長男 | AI14: =IFERROR(__xludf.DUMMYFUNCTION("""COMPUTED_VALUE"""),"別居") -> 別居 | AJ14: =IFERROR(__xludf.DUMMYFUNCTION("""COMPUTED_VALUE"""),"介護する") -> 介護する | AK14: =IFERROR(__xludf.DUMMYFUNCTION("""COMPUTED_VALUE"""),"有") -> 有 | AL14: =IFERROR(__xludf.DUMMYFUNCTION("""COMPUTED_VALUE"""),"090-7679-0111") -> 090-7679-0111 | AM14: =IFERROR(__xludf.DUMMYFUNCTION("""COMPUTED_VALUE"""),"KP 自宅：0595-82-4405") -> KP 自宅：0595-82-4405 | AN14: =IFERROR(__xludf.DUMMYFUNCTION("""COMPUTED_VALUE"""),"近澤 正代様") -> 近澤 正代様 | AO14: =IFERROR(__xludf.DUMMYFUNCTION("""COMPUTED_VALUE"""),"長男の妻") -> 長男の妻 | AQ14: =IFERROR(__xludf.DUMMYFUNCTION("""COMPUTED_VALUE"""),"別居") -> 別居 | AR14: =IFERROR(__xludf.DUMMYFUNCTION("""COMPUTED_VALUE"""),"介護しない") -> 介護しない | AT14: =IFERROR(__xludf.DUMMYFUNCTION("""COMPUTED_VALUE"""),"090-5032-6663") -> 090-5032-6663 | AW14: =IFERROR(__xludf.DUMMYFUNCTION("""COMPUTED_VALUE"""),"入力") -> 入力 | AX14: =IFERROR(__xludf.DUMMYFUNCTION("""COMPUTED_VALUE"""),"一人暮らし") -> 一人暮らし | AY14: =IFERROR(__xludf.DUMMYFUNCTION("""COMPUTED_VALUE"""),"集合住宅") -> 集合住宅 | AZ14: =IFERROR(__xludf.DUMMYFUNCTION("""COMPUTED_VALUE"""),"エレベーター有") -> エレベーター有 | BA14: =IFERROR(__xludf.DUMMYFUNCTION("""COMPUTED_VALUE"""),"賃貸") -> 賃貸 | BB14: =IFERROR(__xludf.DUMMYFUNCTION("""COMPUTED_VALUE"""),"有") -> 有 | BC14: =IFERROR(__xludf.DUMMYFUNCTION("""COMPUTED_VALUE"""),"有") -> 有 | BD14: =IFERROR(__xludf.DUMMYFUNCTION("""COMPUTED_VALUE"""),"ウォシュレット") -> ウォシュレット | BG14: =IFERROR(__xludf.DUMMYFUNCTION("""COMPUTED_VALUE"""),"有") -> 有 | BH14: =IFERROR(__xludf.DUMMYFUNCTION("""COMPUTED_VALUE"""),"手すり有") -> 手すり有 | BI14: =IFERROR(__xludf.DUMMYFUNCTION("""COMPUTED_VALUE"""),"リクライニングベッド") -> リクライニングベッド | BJ14: =IFERROR(__xludf.DUMMYFUNCTION("""COMPUTED_VALUE"""),"無") -> 無 | BK14: =IFERROR(__xludf.DUMMYFUNCTION("""COMPUTED_VALUE"""),"無") -> 無 | BL14: =IFERROR(__xludf.DUMMYFUNCTION("""COMPUTED_VALUE"""),"無") -> 無 | BO14: =IFERROR(__xludf.DUMMYFUNCTION("""COMPUTED_VALUE"""),"入力") -> 入力 | BP14: =IFERROR(__xludf.DUMMYFUNCTION("""COMPUTED_VALUE"""),"訪問介護 , 訪問看護 , 通所介護") -> 訪問介護 , 訪問看護 , 通所介護 | BQ14: =IFERROR(__xludf.DUMMYFUNCTION("""COMPUTED_VALUE"""),"特殊寝台 , 特殊寝台付属品 , 歩行器") -> 特殊寝台 , 特殊寝台付属品 , 歩行器 | BS14: =IFERROR(__xludf.DUMMYFUNCTION("""COMPUTED_VALUE"""),"食事支援 , 排泄支援 , リネンリース , 洗濯") -> 食事支援 , 排泄支援 , リネンリース , 洗濯 | BT14: =IFERROR(__xludf.DUMMYFUNCTION("""COMPUTED_VALUE"""),"他の利用者様とのトラブルは見られないが、コミュニケーションを取ることもない。") -> 他の利用者様とのトラブルは見られないが、コミュニケーションを取ることもない。 | BW14: =IFERROR(__xludf.DUMMYFUNCTION("""COMPUTED_VALUE"""),"入力") -> 入力 | BX14: =IFERROR(__xludf.DUMMYFUNCTION("""COMPUTED_VALUE"""),"認知症") -> 認知症 | BZ14: =IFERROR(__xludf.DUMMYFUNCTION("""COMPUTED_VALUE"""),"左大腿骨骨折") -> 左大腿骨骨折 | CA14: =IFERROR(__xludf.DUMMYFUNCTION("""COMPUTED_VALUE"""),"令和1年8月21日") -> 令和1年8月21日 | CB14: =IFERROR(__xludf.DUMMYFUNCTION("""COMPUTED_VALUE"""),"大動脈解離") -> 大動脈解離 | CC14: =IFERROR(__xludf.DUMMYFUNCTION("""COMPUTED_VALUE"""),"不詳") -> 不詳 | CD14: =IFERROR(__xludf.DUMMYFUNCTION("""COMPUTED_VALUE"""),"腎臓片側摘出") -> 腎臓片側摘出 | CE14: =IFERROR(__xludf.DUMMYFUNCTION("""COMPUTED_VALUE"""),"不詳") -> 不詳 | CJ14: =IFERROR(__xludf.DUMMYFUNCTION("""COMPUTED_VALUE"""),"現在通院は行っていない。") -> 現在通院は行っていない。 | CS14: =IFERROR(__xludf.DUMMYFUNCTION("""COMPUTED_VALUE"""),"現在、鼠経ヘルニアがあるものの、痛みや違和感もなく主治医より経過観察の指示がある。") -> 現在、鼠経ヘルニアがあるものの、痛みや違和感もなく主治医より経過観察の指示がある。 | CT14: =IFERROR(__xludf.DUMMYFUNCTION("""COMPUTED_VALUE"""),"服薬は看護師管理で、袋を開封して手渡ししている。") -> 服薬は看護師管理で、袋を開封して手渡ししている。 | CX14: =IFERROR(__xludf.DUMMYFUNCTION("""COMPUTED_VALUE"""),"入力") -> 入力 | CY14: =IFERROR(__xludf.DUMMYFUNCTION("""COMPUTED_VALUE"""),"無") -> 無 | CZ14: =IFERROR(__xludf.DUMMYFUNCTION("""COMPUTED_VALUE"""),"無") -> 無 | DA14: =IFERROR(__xludf.DUMMYFUNCTION("""COMPUTED_VALUE"""),"無") -> 無 | DB14: =IFERROR(__xludf.DUMMYFUNCTION("""COMPUTED_VALUE"""),"特になし") -> 特になし | DC14: =IFERROR(__xludf.DUMMYFUNCTION("""COMPUTED_VALUE"""),"特になし") -> 特になし | DF14: =IFERROR(__xludf.DUMMYFUNCTION("""COMPUTED_VALUE"""),"大きい字は可") -> 大きい字は可 | DG14: =IFERROR(__xludf.DUMMYFUNCTION("""COMPUTED_VALUE"""),"無") -> 無 | DH14: =IFERROR(__xludf.DUMMYFUNCTION("""COMPUTED_VALUE"""),"大きい声は可") -> 大きい声は可 | DI14: =IFERROR(__xludf.DUMMYFUNCTION("""COMPUTED_VALUE"""),"無") -> 無 | DJ14: =IFERROR(__xludf.DUMMYFUNCTION("""COMPUTED_VALUE"""),"現在、鼠経ヘルニアがあるものの、痛みや違和感もなく主治医より経過観察の指示がある。痛みや違和感が生じるようなら、手術も適応となるが、ご家族様より今の精神状況が回復しない限り手術は控えたい。と希望あり。") -> 現在、鼠経ヘルニアがあるものの、痛みや違和感もなく主治医より経過観察の指示がある。痛みや違和感が生じるようなら、手術も適応となるが、ご家族様より今の精神状況が回復しない限り手術は控えたい。と希望あり。 | DL14: =IFERROR(__xludf.DUMMYFUNCTION("""COMPUTED_VALUE"""),"入力") -> 入力 | DM14: =IFERROR(__xludf.DUMMYFUNCTION("""COMPUTED_VALUE"""),"有") -> 有 | DN14: =IFERROR(__xludf.DUMMYFUNCTION("""COMPUTED_VALUE"""),"中等度") -> 中等度 | DO14: =IFERROR(__xludf.DUMMYFUNCTION("""COMPUTED_VALUE"""),"大声・奇声 , 暴力 , 暴言 , 介護抵抗 , 徘徊 , 不穏") -> 大声・奇声 , 暴力 , 暴言 , 介護抵抗 , 徘徊 , 不穏 | DP14: =IFERROR(__xludf.DUMMYFUNCTION("""COMPUTED_VALUE"""),"不明瞭") -> 不明瞭 | DQ14: =IFERROR(__xludf.DUMMYFUNCTION("""COMPUTED_VALUE"""),"その場のみ可") -> その場のみ可 | DR14: =IFERROR(__xludf.DUMMYFUNCTION("""COMPUTED_VALUE"""),"介護拒否が多く、気にくわないことがあると、大声を出されたり、暴力行為、唾を吐きかける行為等もある。特に入浴の際にはそのような行動が多発する。") -> 介護拒否が多く、気にくわないことがあると、大声を出されたり、暴力行為、唾を吐きかける行為等もある。特に入浴の際にはそのような行動が多発する。 | DU14: =IFERROR(__xludf.DUMMYFUNCTION("""COMPUTED_VALUE"""),"入力") -> 入力 | DV14: =IFERROR(__xludf.DUMMYFUNCTION("""COMPUTED_VALUE"""),"何かにつかまればできる") -> 何かにつかまればできる | DW14: =IFERROR(__xludf.DUMMYFUNCTION("""COMPUTED_VALUE"""),"何かにつかまればできる") -> 何かにつかまればできる | DX14: =IFERROR(__xludf.DUMMYFUNCTION("""COMPUTED_VALUE"""),"自分の手で支えればできる") -> 自分の手で支えればできる | DY14: =IFERROR(__xludf.DUMMYFUNCTION("""COMPUTED_VALUE"""),"何かにつかまればできる") -> 何かにつかまればできる | DZ14: =IFERROR(__xludf.DUMMYFUNCTION("""COMPUTED_VALUE"""),"何か支えがあればできる") -> 何か支えがあればできる | EA14: =IFERROR(__xludf.DUMMYFUNCTION("""COMPUTED_VALUE"""),"自立") -> 自立 | EB14: =IFERROR(__xludf.DUMMYFUNCTION("""COMPUTED_VALUE"""),"自立") -> 自立 | EC14: =IFERROR(__xludf.DUMMYFUNCTION("""COMPUTED_VALUE"""),"歩行器") -> 歩行器 | ED14: =IFERROR(__xludf.DUMMYFUNCTION("""COMPUTED_VALUE"""),"全介助") -> 全介助 | EE14: =IFERROR(__xludf.DUMMYFUNCTION("""COMPUTED_VALUE"""),"車椅子") -> 車椅子 | EF14: =IFERROR(__xludf.DUMMYFUNCTION("""COMPUTED_VALUE"""),"起居動作や移動はご自身で行えている。") -> 起居動作や移動はご自身で行えている。 | EH14: =IFERROR(__xludf.DUMMYFUNCTION("""COMPUTED_VALUE"""),"入力") -> 入力 | EI14: =IFERROR(__xludf.DUMMYFUNCTION("""COMPUTED_VALUE"""),"入力") -> 入力 | EJ14: =IFERROR(__xludf.DUMMYFUNCTION("""COMPUTED_VALUE"""),"経口摂取") -> 経口摂取 | EK14: =IFERROR(__xludf.DUMMYFUNCTION("""COMPUTED_VALUE"""),"自立") -> 自立 | EL14: =IFERROR(__xludf.DUMMYFUNCTION("""COMPUTED_VALUE"""),"できる") -> できる | EM14: =IFERROR(__xludf.DUMMYFUNCTION("""COMPUTED_VALUE"""),"普通") -> 普通 | EN14: =IFERROR(__xludf.DUMMYFUNCTION("""COMPUTED_VALUE"""),"普通") -> 普通 | EO14: =IFERROR(__xludf.DUMMYFUNCTION("""COMPUTED_VALUE"""),"無") -> 無 | EP14: =IFERROR(__xludf.DUMMYFUNCTION("""COMPUTED_VALUE"""),"有") -> 有 | EQ14: =IFERROR(__xludf.DUMMYFUNCTION("""COMPUTED_VALUE"""),"箸 , スプーン") -> 箸 , スプーン | ER14: =IFERROR(__xludf.DUMMYFUNCTION("""COMPUTED_VALUE"""),"食事は塩分制限食を摂取されている。また主食は大盛で対応。ご自身で食事摂取は可能。") -> 食事は塩分制限食を摂取されている。また主食は大盛で対応。ご自身で食事摂取は可能。 | ET14: =IFERROR(__xludf.DUMMYFUNCTION("""COMPUTED_VALUE"""),"入力") -> 入力 | EU14: =IFERROR(__xludf.DUMMYFUNCTION("""COMPUTED_VALUE"""),"自立") -> 自立 | EW14: =IFERROR(__xludf.DUMMYFUNCTION("""COMPUTED_VALUE"""),"無") -> 無 | EZ14: =IFERROR(__xludf.DUMMYFUNCTION("""COMPUTED_VALUE"""),"口腔ケアはご自身で可能なものの、促しがないと行うことができない。介助を拒むため支援に入ることはできず、ご自身でも磨けていない状況。") -> 口腔ケアはご自身で可能なものの、促しがないと行うことができない。介助を拒むため支援に入ることはできず、ご自身でも磨けていない状況。 | FB14: =IFERROR(__xludf.DUMMYFUNCTION("""COMPUTED_VALUE"""),"入力") -> 入力 | FC14: =IFERROR(__xludf.DUMMYFUNCTION("""COMPUTED_VALUE"""),"一部介助") -> 一部介助 | FD14: =IFERROR(__xludf.DUMMYFUNCTION("""COMPUTED_VALUE"""),"チェアー浴") -> チェアー浴 | FE14: =IFERROR(__xludf.DUMMYFUNCTION("""COMPUTED_VALUE"""),"無") -> 無 | FG14: =IFERROR(__xludf.DUMMYFUNCTION("""COMPUTED_VALUE"""),"見守り") -> 見守り | FH14: =IFERROR(__xludf.DUMMYFUNCTION("""COMPUTED_VALUE"""),"見守り") -> 見守り | FI14: =IFERROR(__xludf.DUMMYFUNCTION("""COMPUTED_VALUE"""),"入浴の拒否が多く、突然怒り出し暴力行為や暴言、唾を吐きかける行動も多い。自分のペースを乱されることを嫌うため、介助はせずご自身で洗身や更衣を行う。") -> 入浴の拒否が多く、突然怒り出し暴力行為や暴言、唾を吐きかける行動も多い。自分のペースを乱されることを嫌うため、介助はせずご自身で洗身や更衣を行う。 | FK14: =IFERROR(__xludf.DUMMYFUNCTION("""COMPUTED_VALUE"""),"入力") -> 入力 | FL14: =IFERROR(__xludf.DUMMYFUNCTION("""COMPUTED_VALUE"""),"自立") -> 自立 | FM14: =IFERROR(__xludf.DUMMYFUNCTION("""COMPUTED_VALUE"""),"有") -> 有 | FN14: =IFERROR(__xludf.DUMMYFUNCTION("""COMPUTED_VALUE"""),"有") -> 有 | FO14: =IFERROR(__xludf.DUMMYFUNCTION("""COMPUTED_VALUE"""),"有") -> 有 | FP14: =IFERROR(__xludf.DUMMYFUNCTION("""COMPUTED_VALUE"""),"無") -> 無 | FR14: =IFERROR(__xludf.DUMMYFUNCTION("""COMPUTED_VALUE"""),"トイレ") -> トイレ | FS14: =IFERROR(__xludf.DUMMYFUNCTION("""COMPUTED_VALUE"""),"トイレ") -> トイレ | FT14: =IFERROR(__xludf.DUMMYFUNCTION("""COMPUTED_VALUE"""),"リハビリパンツ") -> リハビリパンツ | FU14: =IFERROR(__xludf.DUMMYFUNCTION("""COMPUTED_VALUE"""),"排泄はトイレで行うものの、常に失禁状態が続いている。リハビリ交換も介助することで怒り出すため支援を入れられていない状況。") -> 排泄はトイレで行うものの、常に失禁状態が続いている。リハビリ交換も介助することで怒り出すため支援を入れられていない状況。 | FX14: =IFERROR(__xludf.DUMMYFUNCTION("""COMPUTED_VALUE"""),"入力") -> 入力 | FY14: =IFERROR(__xludf.DUMMYFUNCTION("""COMPUTED_VALUE"""),"全介助") -> 全介助 | FZ14: =IFERROR(__xludf.DUMMYFUNCTION("""COMPUTED_VALUE"""),"全介助") -> 全介助 | GA14: =IFERROR(__xludf.DUMMYFUNCTION("""COMPUTED_VALUE"""),"全介助") -> 全介助 | GB14: =IFERROR(__xludf.DUMMYFUNCTION("""COMPUTED_VALUE"""),"全介助") -> 全介助 | GC14: =IFERROR(__xludf.DUMMYFUNCTION("""COMPUTED_VALUE"""),"全介助") -> 全介助 | GD14: =IFERROR(__xludf.DUMMYFUNCTION("""COMPUTED_VALUE"""),"施設サービスを利用") -> 施設サービスを利用 | GG14: =IFERROR(__xludf.DUMMYFUNCTION("""COMPUTED_VALUE"""),"特になし。") -> 特になし。 | GH14: =IFERROR(__xludf.DUMMYFUNCTION("""COMPUTED_VALUE"""),30) -> 30
C15: =IFERROR(__xludf.DUMMYFUNCTION("""COMPUTED_VALUE"""),"谷村 紀美子") -> 谷村 紀美子 | D15: =IFERROR(__xludf.DUMMYFUNCTION("""COMPUTED_VALUE"""),"028bec9c") -> 028bec9c | I15: =IFERROR(__xludf.DUMMYFUNCTION("""COMPUTED_VALUE"""),45582) -> 45582 | J15: =IFERROR(__xludf.DUMMYFUNCTION("""COMPUTED_VALUE"""),"山川 和輝") -> 山川 和輝 | K15: =IFERROR(__xludf.DUMMYFUNCTION("""COMPUTED_VALUE"""),"更新") -> 更新 | L15: =IFERROR(__xludf.DUMMYFUNCTION("""COMPUTED_VALUE"""),"本人の居室") -> 本人の居室 | M15: =IFERROR(__xludf.DUMMYFUNCTION("""COMPUTED_VALUE"""),"自宅でご夫婦で生活されていたが、夫のアルツハイマー型認知症とご自身のパーキンソン病の悪化により老健鈴の丘を経て安濃津ろまんに入居された。パーキンソン病は40代に発症し平成28年頃より悪化していた。介護サービスを利用しながら生活されていたが、令和1年12月にご主人はご逝去された。その後引き続き安濃津ろまんにご入居されている。身障手帳をお持ちで2種3級、変形性股関節症で平成22年5月に交付されている。医療保険によるサービス利用も行っている。") -> 自宅でご夫婦で生活されていたが、夫のアルツハイマー型認知症とご自身のパーキンソン病の悪化により老健鈴の丘を経て安濃津ろまんに入居された。パーキンソン病は40代に発症し平成28年頃より悪化していた。介護サービスを利用しながら生活されていたが、令和1年12月にご主人はご逝去された。その後引き続き安濃津ろまんにご入居されている。身障手帳をお持ちで2種3級、変形性股関節症で平成22年5月に交付されている。医療保険によるサービス利用も行っている。 | N15: =IFERROR(__xludf.DUMMYFUNCTION("""COMPUTED_VALUE"""),"このまま施設で不自由なく安心して生活したいです。") -> このまま施設で不自由なく安心して生活したいです。 | O15: =IFERROR(__xludf.DUMMYFUNCTION("""COMPUTED_VALUE"""),"安濃津ろまんで生活が難しくなってきたら特養への転居も考えています。ただ本人がデイサービスを好んでいるため、しばらくはお世話になります。") -> 安濃津ろまんで生活が難しくなってきたら特養への転居も考えています。ただ本人がデイサービスを好んでいるため、しばらくはお世話になります。 | Q15: =IFERROR(__xludf.DUMMYFUNCTION("""COMPUTED_VALUE"""),"入力") -> 入力 | R15: =IFERROR(__xludf.DUMMYFUNCTION("""COMPUTED_VALUE"""),"要介護５") -> 要介護５ | S15: =IFERROR(__xludf.DUMMYFUNCTION("""COMPUTED_VALUE"""),"令和6年12月1日") -> 令和6年12月1日 | T15: =IFERROR(__xludf.DUMMYFUNCTION("""COMPUTED_VALUE"""),"令和5年11月1日") -> 令和5年11月1日 | U15: =IFERROR(__xludf.DUMMYFUNCTION("""COMPUTED_VALUE"""),"令和7年10月31日") -> 令和7年10月31日 | V15: =IFERROR(__xludf.DUMMYFUNCTION("""COMPUTED_VALUE"""),"１割負担") -> １割負担 | W15: =IFERROR(__xludf.DUMMYFUNCTION("""COMPUTED_VALUE"""),"後期高齢者医療保険") -> 後期高齢者医療保険 | X15: =IFERROR(__xludf.DUMMYFUNCTION("""COMPUTED_VALUE"""),"有") -> 有 | Y15: =IFERROR(__xludf.DUMMYFUNCTION("""COMPUTED_VALUE"""),"3級2種") -> 3級2種 | Z15: =IFERROR(__xludf.DUMMYFUNCTION("""COMPUTED_VALUE"""),"有") -> 有 | AA15: =IFERROR(__xludf.DUMMYFUNCTION("""COMPUTED_VALUE"""),"無") -> 無 | AB15: =IFERROR(__xludf.DUMMYFUNCTION("""COMPUTED_VALUE"""),"B1") -> B1 | AC15: =IFERROR(__xludf.DUMMYFUNCTION("""COMPUTED_VALUE"""),"Ⅰ") -> Ⅰ | AE15: =IFERROR(__xludf.DUMMYFUNCTION("""COMPUTED_VALUE"""),"入力") -> 入力 | AF15: =IFERROR(__xludf.DUMMYFUNCTION("""COMPUTED_VALUE"""),"谷村 宗義") -> 谷村 宗義 | AG15: =IFERROR(__xludf.DUMMYFUNCTION("""COMPUTED_VALUE"""),"長男") -> 長男 | AI15: =IFERROR(__xludf.DUMMYFUNCTION("""COMPUTED_VALUE"""),"別居") -> 別居 | AJ15: =IFERROR(__xludf.DUMMYFUNCTION("""COMPUTED_VALUE"""),"介護しない") -> 介護しない | AK15: =IFERROR(__xludf.DUMMYFUNCTION("""COMPUTED_VALUE"""),"有") -> 有 | AL15: =IFERROR(__xludf.DUMMYFUNCTION("""COMPUTED_VALUE"""),"090-1635-0929") -> 090-1635-0929 | AM15: =IFERROR(__xludf.DUMMYFUNCTION("""COMPUTED_VALUE"""),"KP。循環器Dr") -> KP。循環器Dr | AN15: =IFERROR(__xludf.DUMMYFUNCTION("""COMPUTED_VALUE"""),"谷村 夏子") -> 谷村 夏子 | AO15: =IFERROR(__xludf.DUMMYFUNCTION("""COMPUTED_VALUE"""),"長男の妻") -> 長男の妻 | AQ15: =IFERROR(__xludf.DUMMYFUNCTION("""COMPUTED_VALUE"""),"別居") -> 別居 | AR15: =IFERROR(__xludf.DUMMYFUNCTION("""COMPUTED_VALUE"""),"介護しない") -> 介護しない | AS15: =IFERROR(__xludf.DUMMYFUNCTION("""COMPUTED_VALUE"""),"無") -> 無 | AT15: =IFERROR(__xludf.DUMMYFUNCTION("""COMPUTED_VALUE"""),"090-2923-3932") -> 090-2923-3932 | AW15: =IFERROR(__xludf.DUMMYFUNCTION("""COMPUTED_VALUE"""),"入力") -> 入力 | AX15: =IFERROR(__xludf.DUMMYFUNCTION("""COMPUTED_VALUE"""),"一人暮らし") -> 一人暮らし | AY15: =IFERROR(__xludf.DUMMYFUNCTION("""COMPUTED_VALUE"""),"集合住宅") -> 集合住宅 | AZ15: =IFERROR(__xludf.DUMMYFUNCTION("""COMPUTED_VALUE"""),"エレベーター有") -> エレベーター有 | BA15: =IFERROR(__xludf.DUMMYFUNCTION("""COMPUTED_VALUE"""),"賃貸") -> 賃貸 | BB15: =IFERROR(__xludf.DUMMYFUNCTION("""COMPUTED_VALUE"""),"有") -> 有 | BC15: =IFERROR(__xludf.DUMMYFUNCTION("""COMPUTED_VALUE"""),"有") -> 有 | BD15: =IFERROR(__xludf.DUMMYFUNCTION("""COMPUTED_VALUE"""),"洋式") -> 洋式 | BG15: =IFERROR(__xludf.DUMMYFUNCTION("""COMPUTED_VALUE"""),"有") -> 有 | BH15: =IFERROR(__xludf.DUMMYFUNCTION("""COMPUTED_VALUE"""),"手すり有") -> 手すり有 | BI15: =IFERROR(__xludf.DUMMYFUNCTION("""COMPUTED_VALUE"""),"リクライニングベッド") -> リクライニングベッド | BJ15: =IFERROR(__xludf.DUMMYFUNCTION("""COMPUTED_VALUE"""),"無") -> 無 | BK15: =IFERROR(__xludf.DUMMYFUNCTION("""COMPUTED_VALUE"""),"無") -> 無 | BL15: =IFERROR(__xludf.DUMMYFUNCTION("""COMPUTED_VALUE"""),"無") -> 無 | BO15: =IFERROR(__xludf.DUMMYFUNCTION("""COMPUTED_VALUE"""),"入力") -> 入力 | BP15: =IFERROR(__xludf.DUMMYFUNCTION("""COMPUTED_VALUE"""),"訪問介護 , 訪問リハ , 通所介護") -> 訪問介護 , 訪問リハ , 通所介護 | BQ15: =IFERROR(__xludf.DUMMYFUNCTION("""COMPUTED_VALUE"""),"車いす , 特殊寝台 , 特殊寝台付属品 , 手すり") -> 車いす , 特殊寝台 , 特殊寝台付属品 , 手すり | BS15: =IFERROR(__xludf.DUMMYFUNCTION("""COMPUTED_VALUE"""),"食事支援 , 排泄支援 , リネンリース , 洗濯 , 居室清掃") -> 食事支援 , 排泄支援 , リネンリース , 洗濯 , 居室清掃 | BT15: =IFERROR(__xludf.DUMMYFUNCTION("""COMPUTED_VALUE"""),"デイサービスを利用し他者と交流が図れている。") -> デイサービスを利用し他者と交流が図れている。 | BW15: =IFERROR(__xludf.DUMMYFUNCTION("""COMPUTED_VALUE"""),"入力") -> 入力 | BX15: =IFERROR(__xludf.DUMMYFUNCTION("""COMPUTED_VALUE"""),"パーキンソン病") -> パーキンソン病 | BY15: =IFERROR(__xludf.DUMMYFUNCTION("""COMPUTED_VALUE"""),"平成4年1月1日") -> 平成4年1月1日 | CJ15: =IFERROR(__xludf.DUMMYFUNCTION("""COMPUTED_VALUE"""),"主治医は永井病院で定期的に通院を行っている。") -> 主治医は永井病院で定期的に通院を行っている。 | CS15: =IFERROR(__xludf.DUMMYFUNCTION("""COMPUTED_VALUE"""),"平成22年に右大腿骨頸部骨折により人口骨頭置換術を施行。また変形性膝関節症も既往にある。") -> 平成22年に右大腿骨頸部骨折により人口骨頭置換術を施行。また変形性膝関節症も既往にある。 | CT15: =IFERROR(__xludf.DUMMYFUNCTION("""COMPUTED_VALUE"""),"薬局や看護師による管理を行い、服薬はヘルパーが口まで運んで内服している。") -> 薬局や看護師による管理を行い、服薬はヘルパーが口まで運んで内服している。 | CX15: =IFERROR(__xludf.DUMMYFUNCTION("""COMPUTED_VALUE"""),"入力") -> 入力 | CY15: =IFERROR(__xludf.DUMMYFUNCTION("""COMPUTED_VALUE"""),"床ずれ") -> 床ずれ | CZ15: =IFERROR(__xludf.DUMMYFUNCTION("""COMPUTED_VALUE"""),"無") -> 無 | DA15: =IFERROR(__xludf.DUMMYFUNCTION("""COMPUTED_VALUE"""),"無") -> 無 | DB15: =IFERROR(__xludf.DUMMYFUNCTION("""COMPUTED_VALUE"""),"特になし") -> 特になし | DC15: =IFERROR(__xludf.DUMMYFUNCTION("""COMPUTED_VALUE"""),"胸部～腹部") -> 胸部～腹部 | DF15: =IFERROR(__xludf.DUMMYFUNCTION("""COMPUTED_VALUE"""),"大きい字は可") -> 大きい字は可 | DG15: =IFERROR(__xludf.DUMMYFUNCTION("""COMPUTED_VALUE"""),"有") -> 有 | DH15: =IFERROR(__xludf.DUMMYFUNCTION("""COMPUTED_VALUE"""),"大きい声は可") -> 大きい声は可 | DI15: =IFERROR(__xludf.DUMMYFUNCTION("""COMPUTED_VALUE"""),"無") -> 無 | DJ15: =IFERROR(__xludf.DUMMYFUNCTION("""COMPUTED_VALUE"""),"パーキンソン病が主病であり日内変動もある。 定期的に息子様の送迎で永井病院に受診している。パーキンソン病による症状が強く、服薬にてコントロールしている。息子様が循環器のDrのため、身体やパーキンソン病による不調があれば報告を行い服薬のコントロールを行っている。") -> パーキンソン病が主病であり日内変動もある。 定期的に息子様の送迎で永井病院に受診している。パーキンソン病による症状が強く、服薬にてコントロールしている。息子様が循環器のDrのため、身体やパーキンソン病による不調があれば報告を行い服薬のコントロールを行っている。 | DL15: =IFERROR(__xludf.DUMMYFUNCTION("""COMPUTED_VALUE"""),"入力") -> 入力 | DM15: =IFERROR(__xludf.DUMMYFUNCTION("""COMPUTED_VALUE"""),"有") -> 有 | DN15: =IFERROR(__xludf.DUMMYFUNCTION("""COMPUTED_VALUE"""),"軽度") -> 軽度 | DO15: =IFERROR(__xludf.DUMMYFUNCTION("""COMPUTED_VALUE"""),"無") -> 無 | DP15: =IFERROR(__xludf.DUMMYFUNCTION("""COMPUTED_VALUE"""),"不明瞭") -> 不明瞭 | DQ15: =IFERROR(__xludf.DUMMYFUNCTION("""COMPUTED_VALUE"""),"その場のみ可") -> その場のみ可 | DR15: =IFERROR(__xludf.DUMMYFUNCTION("""COMPUTED_VALUE"""),"認知機能の低下はあるものの、年相応。パーキンソン病の影響により声の張りがなく会話は可能だが不明瞭なことが多い。") -> 認知機能の低下はあるものの、年相応。パーキンソン病の影響により声の張りがなく会話は可能だが不明瞭なことが多い。 | DU15: =IFERROR(__xludf.DUMMYFUNCTION("""COMPUTED_VALUE"""),"入力") -> 入力 | DV15: =IFERROR(__xludf.DUMMYFUNCTION("""COMPUTED_VALUE"""),"何かにつかまればできる") -> 何かにつかまればできる | DW15: =IFERROR(__xludf.DUMMYFUNCTION("""COMPUTED_VALUE"""),"何かにつかまればできる") -> 何かにつかまればできる | DX15: =IFERROR(__xludf.DUMMYFUNCTION("""COMPUTED_VALUE"""),"自分の手で支えればできる") -> 自分の手で支えればできる | DY15: =IFERROR(__xludf.DUMMYFUNCTION("""COMPUTED_VALUE"""),"何かにつかまればできる") -> 何かにつかまればできる | DZ15: =IFERROR(__xludf.DUMMYFUNCTION("""COMPUTED_VALUE"""),"何か支えがあればできる") -> 何か支えがあればできる | EA15: =IFERROR(__xludf.DUMMYFUNCTION("""COMPUTED_VALUE"""),"自立") -> 自立 | EB15: =IFERROR(__xludf.DUMMYFUNCTION("""COMPUTED_VALUE"""),"一部介助") -> 一部介助 | EC15: =IFERROR(__xludf.DUMMYFUNCTION("""COMPUTED_VALUE"""),"車椅子") -> 車椅子 | ED15: =IFERROR(__xludf.DUMMYFUNCTION("""COMPUTED_VALUE"""),"全介助") -> 全介助 | EE15: =IFERROR(__xludf.DUMMYFUNCTION("""COMPUTED_VALUE"""),"車椅子") -> 車椅子 | EF15: =IFERROR(__xludf.DUMMYFUNCTION("""COMPUTED_VALUE"""),"基本動作はなんとかご自身で行うことができるものの、転倒リスクも高い。ご自身で活動したい希望が強いため、転倒リスク同意書を頂いている。") -> 基本動作はなんとかご自身で行うことができるものの、転倒リスクも高い。ご自身で活動したい希望が強いため、転倒リスク同意書を頂いている。 | EH15: =IFERROR(__xludf.DUMMYFUNCTION("""COMPUTED_VALUE"""),"入力") -> 入力 | EI15: =IFERROR(__xludf.DUMMYFUNCTION("""COMPUTED_VALUE"""),"入力") -> 入力 | EJ15: =IFERROR(__xludf.DUMMYFUNCTION("""COMPUTED_VALUE"""),"経口摂取") -> 経口摂取 | EK15: =IFERROR(__xludf.DUMMYFUNCTION("""COMPUTED_VALUE"""),"見守り") -> 見守り | EL15: =IFERROR(__xludf.DUMMYFUNCTION("""COMPUTED_VALUE"""),"できる") -> できる | EM15: =IFERROR(__xludf.DUMMYFUNCTION("""COMPUTED_VALUE"""),"軟飯") -> 軟飯 | EN15: =IFERROR(__xludf.DUMMYFUNCTION("""COMPUTED_VALUE"""),"普通") -> 普通 | EO15: =IFERROR(__xludf.DUMMYFUNCTION("""COMPUTED_VALUE"""),"無") -> 無 | EP15: =IFERROR(__xludf.DUMMYFUNCTION("""COMPUTED_VALUE"""),"無") -> 無 | EQ15: =IFERROR(__xludf.DUMMYFUNCTION("""COMPUTED_VALUE"""),"スプーン") -> スプーン | ER15: =IFERROR(__xludf.DUMMYFUNCTION("""COMPUTED_VALUE"""),"食事は食べこぼしが多いものの自己にて摂取できている。食事用エプロンを使用。 ご家族様からもお菓子の差し入れが多く、居室でもご自身で食べられている。") -> 食事は食べこぼしが多いものの自己にて摂取できている。食事用エプロンを使用。 ご家族様からもお菓子の差し入れが多く、居室でもご自身で食べられている。 | ET15: =IFERROR(__xludf.DUMMYFUNCTION("""COMPUTED_VALUE"""),"入力") -> 入力 | EU15: =IFERROR(__xludf.DUMMYFUNCTION("""COMPUTED_VALUE"""),"一部介助") -> 一部介助 | EZ15: =IFERROR(__xludf.DUMMYFUNCTION("""COMPUTED_VALUE"""),"口腔ケアは毎日夜にヘルパー支援が入っており介助を受けている。") -> 口腔ケアは毎日夜にヘルパー支援が入っており介助を受けている。 | FB15: =IFERROR(__xludf.DUMMYFUNCTION("""COMPUTED_VALUE"""),"入力") -> 入力 | FC15: =IFERROR(__xludf.DUMMYFUNCTION("""COMPUTED_VALUE"""),"全介助") -> 全介助 | FD15: =IFERROR(__xludf.DUMMYFUNCTION("""COMPUTED_VALUE"""),"寝台浴") -> 寝台浴 | FE15: =IFERROR(__xludf.DUMMYFUNCTION("""COMPUTED_VALUE"""),"無") -> 無 | FG15: =IFERROR(__xludf.DUMMYFUNCTION("""COMPUTED_VALUE"""),"全介助") -> 全介助 | FH15: =IFERROR(__xludf.DUMMYFUNCTION("""COMPUTED_VALUE"""),"全介助") -> 全介助 | FI15: =IFERROR(__xludf.DUMMYFUNCTION("""COMPUTED_VALUE"""),"入浴は看護師による入浴支援を受けており、寝台浴で入浴されている。") -> 入浴は看護師による入浴支援を受けており、寝台浴で入浴されている。 | FK15: =IFERROR(__xludf.DUMMYFUNCTION("""COMPUTED_VALUE"""),"入力") -> 入力 | FL15: =IFERROR(__xludf.DUMMYFUNCTION("""COMPUTED_VALUE"""),"全介助") -> 全介助 | FM15: =IFERROR(__xludf.DUMMYFUNCTION("""COMPUTED_VALUE"""),"有") -> 有 | FN15: =IFERROR(__xludf.DUMMYFUNCTION("""COMPUTED_VALUE"""),"有") -> 有 | FO15: =IFERROR(__xludf.DUMMYFUNCTION("""COMPUTED_VALUE"""),"有") -> 有 | FP15: =IFERROR(__xludf.DUMMYFUNCTION("""COMPUTED_VALUE"""),"有") -> 有 | FR15: =IFERROR(__xludf.DUMMYFUNCTION("""COMPUTED_VALUE"""),"オムツ") -> オムツ | FS15: =IFERROR(__xludf.DUMMYFUNCTION("""COMPUTED_VALUE"""),"オムツ") -> オムツ | FT15: =IFERROR(__xludf.DUMMYFUNCTION("""COMPUTED_VALUE"""),"紙おむつ , 大パット") -> 紙おむつ , 大パット | FU15: =IFERROR(__xludf.DUMMYFUNCTION("""COMPUTED_VALUE"""),"排泄は終日紙おむつと大パットを使用。定期的に排泄支援が必要。 今まではトイレで排泄を行えていたが、立位保持が困難となったことで紙おむつ対応となった。") -> 排泄は終日紙おむつと大パットを使用。定期的に排泄支援が必要。 今まではトイレで排泄を行えていたが、立位保持が困難となったことで紙おむつ対応となった。 | FX15: =IFERROR(__xludf.DUMMYFUNCTION("""COMPUTED_VALUE"""),"入力") -> 入力 | FY15: =IFERROR(__xludf.DUMMYFUNCTION("""COMPUTED_VALUE"""),"全介助") -> 全介助 | FZ15: =IFERROR(__xludf.DUMMYFUNCTION("""COMPUTED_VALUE"""),"全介助") -> 全介助 | GA15: =IFERROR(__xludf.DUMMYFUNCTION("""COMPUTED_VALUE"""),"全介助") -> 全介助 | GB15: =IFERROR(__xludf.DUMMYFUNCTION("""COMPUTED_VALUE"""),"一部介助") -> 一部介助 | GC15: =IFERROR(__xludf.DUMMYFUNCTION("""COMPUTED_VALUE"""),"全介助") -> 全介助 | GD15: =IFERROR(__xludf.DUMMYFUNCTION("""COMPUTED_VALUE"""),"買い物はデイサービス終了時に、売店を利用されている。掃除はヘルパーやクリーンスタッフによる清掃を実施。その他施設サービスやご家族様で対応している。") -> 買い物はデイサービス終了時に、売店を利用されている。掃除はヘルパーやクリーンスタッフによる清掃を実施。その他施設サービスやご家族様で対応している。 | GG15: =IFERROR(__xludf.DUMMYFUNCTION("""COMPUTED_VALUE"""),"車椅子のブレーキ忘れがあるため、自動ブレーキ機能付きの車いすを使用。しかし座り方が浅かったり姿勢が悪いと自動でブレーキがかかってしまい動かせなくなるため、その都度福祉用具相談員に相談をおこない調整を行っている。") -> 車椅子のブレーキ忘れがあるため、自動ブレーキ機能付きの車いすを使用。しかし座り方が浅かったり姿勢が悪いと自動でブレーキがかかってしまい動かせなくなるため、その都度福祉用具相談員に相談をおこない調整を行っている。 | GH15: =IFERROR(__xludf.DUMMYFUNCTION("""COMPUTED_VALUE"""),30) -> 30
